x,y,v
0,0,1
0,2,1
0,4,1
0,6,0
0,8,0
0,10,1
0,12,0
0,14,0
0,16,0
0,18,0
0,20,0
0,22,0
0,24,0
0,26,0
0,28,0
0,30,0
0,32,0
0,34,0
0,36,-1
0,38,0
0,40,0
0,42,-1
0,44,-1
0,46,-1
0,48,-1
0,50,-1
0,52,-1
0,54,-1
0,56,-1
0,58,-1
0,60,-1
0,62,-1
0,64,-1
0,66,-1
0,68,-2
0,70,-1
0,72,-2
0,74,-2
0,76,-2
0,78,-2
0,80,-2
0,82,-2
0,84,-2
0,86,-2
0,88,-2
0,90,-2
0,92,-2
0,94,-2
0,96,-2
0,98,-2
0,100,-2
0,102,-2
0,104,-2
0,106,-2
0,108,-2
0,110,-1
0,112,-2
0,114,-1
0,116,-2
0,118,-1
0,120,-1
0,122,-1
0,124,-1
0,126,-1
0,128,-1
0,130,-1
0,132,-1
0,134,-1
0,136,-1
0,138,-1
0,140,0
0,142,0
0,144,0
0,146,0
0,148,0
2,0,1
2,2,1
2,4,1
2,6,1
2,8,1
2,10,1
2,12,1
2,14,1
2,16,0
2,18,0
2,20,0
2,22,0
2,24,0
2,26,0
2,28,0
2,30,0
2,32,0
2,34,0
2,36,0
2,38,0
2,40,0
2,42,-1
2,44,0
2,46,-1
2,48,-1
2,50,-1
2,52,-1
2,54,-1
2,56,-1
2,58,-1
2,60,-1
2,62,-1
2,64,-1
2,66,-1
2,68,-1
2,70,-1
2,72,-1
2,74,-1
2,76,-1
2,78,-2
2,80,-2
2,82,-2
2,84,-2
2,86,-1
2,88,-2
2,90,-2
2,92,-2
2,94,-2
2,96,-2
2,98,-2
2,100,-2
2,102,-2
2,104,-1
2,106,-2
2,108,-1
2,110,-1
2,112,-2
2,114,-1
2,116,-1
2,118,-1
2,120,-1
2,122,-1
2,124,-1
2,126,-1
2,128,-1
2,130,-1
2,132,-1
2,134,-1
2,136,0
2,138,0
2,140,0
2,142,0
2,144,0
2,146,0
2,148,0
4,0,1
4,2,1
4,4,1
4,6,1
4,8,1
4,10,1
4,12,1
4,14,1
4,16,1
4,18,0
4,20,0
4,22,0
4,24,0
4,26,0
4,28,0
4,30,0
4,32,0
4,34,0
4,36,0
4,38,0
4,40,0
4,42,0
4,44,0
4,46,-1
4,48,-1
4,50,0
4,52,-1
4,54,-1
4,56,-1
4,58,-1
4,60,-1
4,62,-1
4,64,-1
4,66,-1
4,68,-1
4,70,-1
4,72,-1
4,74,-1
4,76,-1
4,78,-1
4,80,-1
4,82,-1
4,84,-1
4,86,-1
4,88,-1
4,90,-1
4,92,-1
4,94,-1
4,96,-1
4,98,-1
4,100,-1
4,102,-1
4,104,-1
4,106,-1
4,108,-1
4,110,-1
4,112,-1
4,114,-1
4,116,-1
4,118,-1
4,120,-1
4,122,-1
4,124,-1
4,126,-1
4,128,-1
4,130,-1
4,132,0
4,134,-1
4,136,-1
4,138,0
4,140,0
4,142,0
4,144,0
4,146,0
4,148,0
6,0,1
6,2,1
6,4,1
6,6,1
6,8,1
6,10,1
6,12,1
6,14,1
6,16,1
6,18,1
6,20,0
6,22,0
6,24,0
6,26,0
6,28,0
6,30,0
6,32,0
6,34,0
6,36,0
6,38,0
6,40,0
6,42,0
6,44,0
6,46,0
6,48,0
6,50,-1
6,52,0
6,54,-1
6,56,-1
6,58,0
6,60,-1
6,62,-1
6,64,0
6,66,-1
6,68,-1
6,70,-1
6,72,-1
6,74,-1
6,76,-1
6,78,-1
6,80,-1
6,82,-1
6,84,-1
6,86,-1
6,88,-1
6,90,-1
6,92,-1
6,94,-1
6,96,-1
6,98,-1
6,100,-1
6,102,-1
6,104,-1
6,106,-1
6,108,-1
6,110,-1
6,112,-1
6,114,-1
6,116,-1
6,118,-1
6,120,-1
6,122,-1
6,124,-1
6,126,-1
6,128,-1
6,130,-1
6,132,-1
6,134,0
6,136,0
6,138,0
6,140,0
6,142,0
6,144,0
6,146,0
6,148,0
8,0,1
8,2,1
8,4,1
8,6,1
8,8,1
8,10,1
8,12,1
8,14,1
8,16,1
8,18,1
8,20,1
8,22,1
8,24,1
8,26,0
8,28,0
8,30,0
8,32,0
8,34,0
8,36,0
8,38,0
8,40,0
8,42,0
8,44,0
8,46,0
8,48,0
8,50,0
8,52,0
8,54,0
8,56,0
8,58,0
8,60,0
8,62,0
8,64,0
8,66,0
8,68,0
8,70,0
8,72,0
8,74,0
8,76,0
8,78,0
8,80,0
8,82,-1
8,84,-1
8,86,-1
8,88,-1
8,90,-1
8,92,-1
8,94,-1
8,96,-1
8,98,-1
8,100,-1
8,102,-1
8,104,-1
8,106,-1
8,108,-1
8,110,-1
8,112,-1
8,114,-1
8,116,-1
8,118,-1
8,120,-1
8,122,-1
8,124,0
8,126,0
8,128,0
8,130,0
8,132,0
8,134,0
8,136,0
8,138,0
8,140,0
8,142,0
8,144,0
8,146,0
8,148,0
10,0,1
10,2,2
10,4,1
10,6,2
10,8,1
10,10,1
10,12,1
10,14,1
10,16,1
10,18,1
10,20,1
10,22,1
10,24,1
10,26,1
10,28,1
10,30,0
10,32,1
10,34,0
10,36,1
10,38,1
10,40,0
10,42,0
10,44,0
10,46,0
10,48,0
10,50,0
10,52,0
10,54,0
10,56,0
10,58,0
10,60,0
10,62,0
10,64,0
10,66,0
10,68,0
10,70,0
10,72,0
10,74,0
10,76,0
10,78,0
10,80,0
10,82,0
10,84,0
10,86,0
10,88,0
10,90,0
10,92,0
10,94,0
10,96,0
10,98,0
10,100,0
10,102,0
10,104,0
10,106,0
10,108,0
10,110,0
10,112,0
10,114,0
10,116,0
10,118,0
10,120,0
10,122,0
10,124,0
10,126,0
10,128,0
10,130,0
10,132,0
10,134,0
10,136,0
10,138,0
10,140,0
10,142,0
10,144,0
10,146,0
10,148,0
12,0,2
12,2,2
12,4,2
12,6,2
12,8,1
12,10,1
12,12,1
12,14,1
12,16,1
12,18,1
12,20,1
12,22,1
12,24,1
12,26,1
12,28,1
12,30,1
12,32,1
12,34,1
12,36,1
12,38,1
12,40,1
12,42,1
12,44,1
12,46,1
12,48,1
12,50,1
12,52,1
12,54,1
12,56,1
12,58,1
12,60,1
12,62,1
12,64,1
12,66,1
12,68,1
12,70,1
12,72,1
12,74,1
12,76,1
12,78,1
12,80,1
12,82,1
12,84,1
12,86,1
12,88,1
12,90,1
12,92,1
12,94,1
12,96,1
12,98,1
12,100,1
12,102,1
12,104,1
12,106,1
12,108,0
12,110,0
12,112,0
12,114,0
12,116,0
12,118,0
12,120,0
12,122,0
12,124,0
12,126,0
12,128,0
12,130,0
12,132,0
12,134,0
12,136,0
12,138,0
12,140,0
12,142,0
12,144,0
12,146,0
12,148,1
14,0,2
14,2,2
14,4,1
14,6,2
14,8,1
14,10,1
14,12,2
14,14,2
14,16,1
14,18,1
14,20,1
14,22,1
14,24,1
14,26,1
14,28,1
14,30,1
14,32,1
14,34,1
14,36,1
14,38,1
14,40,1
14,42,1
14,44,1
14,46,1
14,48,1
14,50,1
14,52,1
14,54,1
14,56,1
14,58,1
14,60,1
14,62,2
14,64,2
14,66,2
14,68,2
14,70,2
14,72,2
14,74,2
14,76,2
14,78,2
14,80,2
14,82,2
14,84,2
14,86,2
14,88,2
14,90,2
14,92,2
14,94,2
14,96,2
14,98,2
14,100,2
14,102,2
14,104,2
14,106,1
14,108,1
14,110,1
14,112,1
14,114,1
14,116,1
14,118,1
14,120,1
14,122,1
14,124,1
14,126,1
14,128,0
14,130,0
14,132,0
14,134,0
14,136,1
14,138,0
14,140,1
14,142,1
14,144,1
14,146,1
14,148,1
16,0,2
16,2,2
16,4,2
16,6,2
16,8,2
16,10,1
16,12,1
16,14,2
16,16,2
16,18,1
16,20,1
16,22,2
16,24,1
16,26,1
16,28,1
16,30,2
16,32,2
16,34,1
16,36,1
16,38,1
16,40,2
16,42,1
16,44,2
16,46,2
16,48,2
16,50,2
16,52,2
16,54,2
16,56,2
16,58,2
16,60,2
16,62,2
16,64,3
16,66,3
16,68,3
16,70,3
16,72,3
16,74,3
16,76,3
16,78,3
16,80,3
16,82,4
16,84,3
16,86,3
16,88,3
16,90,3
16,92,3
16,94,3
16,96,3
16,98,3
16,100,3
16,102,2
16,104,2
16,106,2
16,108,2
16,110,2
16,112,2
16,114,2
16,116,2
16,118,2
16,120,1
16,122,1
16,124,1
16,126,1
16,128,1
16,130,1
16,132,1
16,134,1
16,136,1
16,138,1
16,140,1
16,142,1
16,144,1
16,146,1
16,148,1
18,0,2
18,2,2
18,4,2
18,6,2
18,8,2
18,10,2
18,12,2
18,14,2
18,16,2
18,18,2
18,20,2
18,22,2
18,24,2
18,26,2
18,28,2
18,30,2
18,32,2
18,34,2
18,36,2
18,38,2
18,40,2
18,42,2
18,44,2
18,46,3
18,48,3
18,50,3
18,52,3
18,54,3
18,56,3
18,58,3
18,60,4
18,62,4
18,64,4
18,66,4
18,68,4
18,70,4
18,72,5
18,74,5
18,76,5
18,78,5
18,80,5
18,82,5
18,84,5
18,86,5
18,88,5
18,90,5
18,92,5
18,94,5
18,96,5
18,98,5
18,100,4
18,102,4
18,104,4
18,106,4
18,108,3
18,110,3
18,112,3
18,114,3
18,116,3
18,118,2
18,120,2
18,122,2
18,124,2
18,126,2
18,128,2
18,130,1
18,132,2
18,134,1
18,136,1
18,138,1
18,140,1
18,142,1
18,144,1
18,146,1
18,148,1
20,0,2
20,2,2
20,4,2
20,6,2
20,8,2
20,10,2
20,12,2
20,14,2
20,16,2
20,18,2
20,20,2
20,22,2
20,24,2
20,26,2
20,28,2
20,30,2
20,32,2
20,34,2
20,36,2
20,38,3
20,40,3
20,42,3
20,44,3
20,46,3
20,48,3
20,50,4
20,52,4
20,54,4
20,56,4
20,58,5
20,60,5
20,62,5
20,64,6
20,66,6
20,68,6
20,70,6
20,72,6
20,74,7
20,76,7
20,78,7
20,80,7
20,82,7
20,84,7
20,86,7
20,88,7
20,90,7
20,92,7
20,94,7
20,96,7
20,98,6
20,100,6
20,102,6
20,104,6
20,106,5
20,108,5
20,110,5
20,112,4
20,114,4
20,116,4
20,118,3
20,120,3
20,122,3
20,124,3
20,126,2
20,128,2
20,130,2
20,132,2
20,134,2
20,136,2
20,138,2
20,140,2
20,142,1
20,144,2
20,146,1
20,148,1
22,0,2
22,2,2
22,4,2
22,6,2
22,8,2
22,10,2
22,12,2
22,14,2
22,16,2
22,18,2
22,20,2
22,22,2
22,24,2
22,26,2
22,28,3
22,30,2
22,32,3
22,34,3
22,36,3
22,38,3
22,40,3
22,42,4
22,44,4
22,46,4
22,48,5
22,50,5
22,52,5
22,54,5
22,56,6
22,58,6
22,60,7
22,62,7
22,64,7
22,66,8
22,68,8
22,70,9
22,72,9
22,74,9
22,76,10
22,78,10
22,80,10
22,82,10
22,84,10
22,86,10
22,88,10
22,90,10
22,92,9
22,94,9
22,96,9
22,98,9
22,100,8
22,102,8
22,104,8
22,106,7
22,108,7
22,110,6
22,112,6
22,114,6
22,116,5
22,118,5
22,120,4
22,122,4
22,124,4
22,126,3
22,128,3
22,130,3
22,132,3
22,134,3
22,136,2
22,138,2
22,140,2
22,142,2
22,144,2
22,146,2
22,148,2
24,0,2
24,2,2
24,4,2
24,6,2
24,8,2
24,10,2
24,12,2
24,14,2
24,16,3
24,18,2
24,20,3
24,22,2
24,24,3
24,26,3
24,28,3
24,30,3
24,32,3
24,34,3
24,36,4
24,38,4
24,40,4
24,42,4
24,44,5
24,46,5
24,48,6
24,50,6
24,52,7
24,54,7
24,56,8
24,58,8
24,60,9
24,62,9
24,64,10
24,66,10
24,68,11
24,70,11
24,72,12
24,74,12
24,76,12
24,78,13
24,80,13
24,82,13
24,84,13
24,86,13
24,88,13
24,90,13
24,92,13
24,94,12
24,96,12
24,98,11
24,100,11
24,102,11
24,104,10
24,106,10
24,108,9
24,110,8
24,112,8
24,114,7
24,116,7
24,118,6
24,120,6
24,122,5
24,124,5
24,126,4
24,128,4
24,130,4
24,132,3
24,134,3
24,136,3
24,138,3
24,140,2
24,142,2
24,144,2
24,146,2
24,148,2
26,0,3
26,2,2
26,4,2
26,6,2
26,8,3
26,10,2
26,12,3
26,14,3
26,16,3
26,18,3
26,20,3
26,22,3
26,24,3
26,26,3
26,28,3
26,30,4
26,32,4
26,34,4
26,36,4
26,38,5
26,40,5
26,42,6
26,44,6
26,46,7
26,48,7
26,50,8
26,52,8
26,54,9
26,56,10
26,58,10
26,60,11
26,62,12
26,64,12
26,66,13
26,68,14
26,70,14
26,72,15
26,74,15
26,76,16
26,78,16
26,80,17
26,82,17
26,84,17
26,86,17
26,88,17
26,90,17
26,92,16
26,94,16
26,96,15
26,98,15
26,100,14
26,102,14
26,104,13
26,106,12
26,108,12
26,110,11
26,112,10
26,114,9
26,116,9
26,118,8
26,120,7
26,122,7
26,124,6
26,126,6
26,128,5
26,130,5
26,132,4
26,134,4
26,136,4
26,138,4
26,140,3
26,142,3
26,144,3
26,146,3
26,148,2
28,0,3
28,2,3
28,4,3
28,6,3
28,8,3
28,10,3
28,12,3
28,14,3
28,16,3
28,18,3
28,20,3
28,22,4
28,24,3
28,26,4
28,28,4
28,30,4
28,32,4
28,34,5
28,36,5
28,38,6
28,40,6
28,42,7
28,44,7
28,46,8
28,48,9
28,50,10
28,52,10
28,54,11
28,56,12
28,58,13
28,60,14
28,62,14
28,64,15
28,66,16
28,68,17
28,70,18
28,72,19
28,74,19
28,76,20
28,78,20
28,80,21
28,82,21
28,84,21
28,86,21
28,88,21
28,90,21
28,92,20
28,94,20
28,96,19
28,98,19
28,100,18
28,102,17
28,104,16
28,106,15
28,108,14
28,110,14
28,112,13
28,114,12
28,116,10
28,118,10
28,120,9
28,122,8
28,124,7
28,126,7
28,128,6
28,130,6
28,132,5
28,134,4
28,136,4
28,138,4
28,140,4
28,142,3
28,144,3
28,146,3
28,148,3
30,0,3
30,2,3
30,4,3
30,6,3
30,8,3
30,10,3
30,12,3
30,14,3
30,16,3
30,18,3
30,20,4
30,22,4
30,24,4
30,26,4
30,28,5
30,30,5
30,32,5
30,34,6
30,36,6
30,38,7
30,40,7
30,42,8
30,44,9
30,46,9
30,48,10
30,50,11
30,52,12
30,54,13
30,56,15
30,58,15
30,60,16
30,62,18
30,64,19
30,66,20
30,68,21
30,70,22
30,72,23
30,74,24
30,76,24
30,78,25
30,80,25
30,82,26
30,84,26
30,86,26
30,88,26
30,90,25
30,92,25
30,94,24
30,96,24
30,98,23
30,100,22
30,102,21
30,104,20
30,106,19
30,108,18
30,110,17
30,112,16
30,114,14
30,116,13
30,118,12
30,120,11
30,122,10
30,124,9
30,126,8
30,128,7
30,130,7
30,132,6
30,134,5
30,136,5
30,138,5
30,140,4
30,142,4
30,144,4
30,146,3
30,148,3
32,0,3
32,2,3
32,4,3
32,6,3
32,8,3
32,10,3
32,12,3
32,14,4
32,16,4
32,18,4
32,20,4
32,22,4
32,24,5
32,26,5
32,28,5
32,30,6
32,32,6
32,34,7
32,36,7
32,38,8
32,40,9
32,42,9
32,44,10
32,46,11
32,48,12
32,50,13
32,52,15
32,54,16
32,56,17
32,58,18
32,60,20
32,62,21
32,64,22
32,66,23
32,68,25
32,70,26
32,72,27
32,74,28
32,76,29
32,78,30
32,80,30
32,82,30
32,84,31
32,86,31
32,88,31
32,90,30
32,92,30
32,94,29
32,96,28
32,98,27
32,100,26
32,102,25
32,104,24
32,106,23
32,108,21
32,110,20
32,112,18
32,114,17
32,116,16
32,118,14
32,120,13
32,122,12
32,124,11
32,126,10
32,128,9
32,130,8
32,132,7
32,134,7
32,136,6
32,138,5
32,140,5
32,142,5
32,144,4
32,146,4
32,148,4
34,0,3
34,2,3
34,4,3
34,6,3
34,8,3
34,10,4
34,12,4
34,14,4
34,16,4
34,18,4
34,20,4
34,22,5
34,24,5
34,26,5
34,28,6
34,30,6
34,32,7
34,34,8
34,36,8
34,38,9
34,40,10
34,42,11
34,44,12
34,46,13
34,48,14
34,50,16
34,52,17
34,54,18
34,56,20
34,58,21
34,60,23
34,62,24
34,64,26
34,66,28
34,68,29
34,70,30
34,72,32
34,74,33
34,76,34
34,78,35
34,80,35
34,82,36
34,84,36
34,86,36
34,88,36
34,90,35
34,92,35
34,94,34
34,96,33
34,98,32
34,100,31
34,102,29
34,104,28
34,106,26
34,108,25
34,110,23
34,112,21
34,114,20
34,116,18
34,118,17
34,120,15
34,122,14
34,124,13
34,126,12
34,128,11
34,130,10
34,132,8
34,134,8
34,136,7
34,138,6
34,140,6
34,142,5
34,144,5
34,146,5
34,148,4
36,0,3
36,2,3
36,4,3
36,6,4
36,8,3
36,10,4
36,12,4
36,14,4
36,16,4
36,18,5
36,20,5
36,22,5
36,24,5
36,26,6
36,28,7
36,30,7
36,32,8
36,34,8
36,36,9
36,38,10
36,40,11
36,42,12
36,44,13
36,46,15
36,48,16
36,50,18
36,52,19
36,54,21
36,56,23
36,58,24
36,60,26
36,62,28
36,64,30
36,66,31
36,68,33
36,70,35
36,72,36
36,74,38
36,76,39
36,78,40
36,80,40
36,82,41
36,84,41
36,86,41
36,88,41
36,90,41
36,92,40
36,94,39
36,96,38
36,98,37
36,100,35
36,102,34
36,104,32
36,106,31
36,108,28
36,110,26
36,112,24
36,114,23
36,116,21
36,118,19
36,120,18
36,122,16
36,124,15
36,126,13
36,128,12
36,130,11
36,132,10
36,134,9
36,136,8
36,138,7
36,140,7
36,142,6
36,144,6
36,146,5
36,148,5
38,0,3
38,2,4
38,4,3
38,6,4
38,8,4
38,10,4
38,12,4
38,14,4
38,16,5
38,18,5
38,20,5
38,22,6
38,24,6
38,26,7
38,28,7
38,30,8
38,32,9
38,34,9
38,36,10
38,38,11
38,40,12
38,42,14
38,44,15
38,46,16
38,48,18
38,50,20
38,52,22
38,54,24
38,56,26
38,58,27
38,60,29
38,62,32
38,64,34
38,66,36
38,68,37
38,70,39
38,72,41
38,74,43
38,76,44
38,78,45
38,80,46
38,82,46
38,84,47
38,86,47
38,88,47
38,90,46
38,92,45
38,94,44
38,96,43
38,98,41
38,100,40
38,102,38
38,104,36
38,106,34
38,108,32
38,110,30
38,112,28
38,114,25
38,116,24
38,118,21
38,120,20
38,122,18
38,124,16
38,126,15
38,128,13
38,130,12
38,132,11
38,134,10
38,136,9
38,138,8
38,140,7
38,142,7
38,144,6
38,146,6
38,148,5
40,0,4
40,2,4
40,4,4
40,6,4
40,8,4
40,10,4
40,12,4
40,14,5
40,16,5
40,18,5
40,20,6
40,22,6
40,24,7
40,26,7
40,28,8
40,30,9
40,32,10
40,34,10
40,36,12
40,38,12
40,40,14
40,42,15
40,44,16
40,46,18
40,48,20
40,50,22
40,52,24
40,54,26
40,56,28
40,58,30
40,60,33
40,62,35
40,64,37
40,66,39
40,68,42
40,70,44
40,72,46
40,74,47
40,76,49
40,78,50
40,80,51
40,82,51
40,84,52
40,86,52
40,88,52
40,90,51
40,92,50
40,94,49
40,96,47
40,98,46
40,100,44
40,102,42
40,104,40
40,106,38
40,108,35
40,110,33
40,112,31
40,114,28
40,116,26
40,118,24
40,120,22
40,122,20
40,124,18
40,126,16
40,128,15
40,130,13
40,132,12
40,134,11
40,136,10
40,138,9
40,140,8
40,142,7
40,144,7
40,146,6
40,148,5
42,0,4
42,2,4
42,4,4
42,6,4
42,8,4
42,10,4
42,12,5
42,14,5
42,16,5
42,18,6
42,20,6
42,22,7
42,24,7
42,26,8
42,28,8
42,30,9
42,32,10
42,34,11
42,36,12
42,38,14
42,40,15
42,42,16
42,44,18
42,46,20
42,48,22
42,50,24
42,52,26
42,54,28
42,56,31
42,58,33
42,60,36
42,62,38
42,64,41
42,66,43
42,68,45
42,70,48
42,72,50
42,74,52
42,76,53
42,78,55
42,80,55
42,82,56
42,84,56
42,86,57
42,88,56
42,90,56
42,92,54
42,94,53
42,96,51
42,98,50
42,100,48
42,102,46
42,104,43
42,106,41
42,108,38
42,110,36
42,112,33
42,114,30
42,116,28
42,118,26
42,120,24
42,122,22
42,124,20
42,126,18
42,128,16
42,130,14
42,132,13
42,134,12
42,136,11
42,138,10
42,140,9
42,142,8
42,144,7
42,146,7
42,148,6
44,0,4
44,2,4
44,4,4
44,6,4
44,8,5
44,10,5
44,12,5
44,14,5
44,16,6
44,18,6
44,20,7
44,22,7
44,24,8
44,26,8
44,28,9
44,30,10
44,32,11
44,34,12
44,36,13
44,38,14
44,40,16
44,42,18
44,44,19
44,46,21
44,48,23
44,50,25
44,52,28
44,54,30
44,56,33
44,58,36
44,60,38
44,62,41
44,64,43
44,66,46
44,68,49
44,70,51
44,72,53
44,74,56
44,76,57
44,78,59
44,80,59
44,82,60
44,84,61
44,86,60
44,88,60
44,90,60
44,92,58
44,94,57
44,96,55
44,98,53
44,100,51
44,102,49
44,104,46
44,106,44
44,108,41
44,110,38
44,112,35
44,114,33
44,116,30
44,118,27
44,120,25
44,122,23
44,124,21
44,126,19
44,128,17
44,130,16
44,132,14
44,134,13
44,136,11
44,138,10
44,140,9
44,142,8
44,144,8
44,146,7
44,148,7
46,0,4
46,2,4
46,4,4
46,6,5
46,8,5
46,10,5
46,12,5
46,14,6
46,16,6
46,18,6
46,20,7
46,22,7
46,24,8
46,26,9
46,28,10
46,30,10
46,32,12
46,34,13
46,36,14
46,38,16
46,40,17
46,42,19
46,44,20
46,46,22
46,48,25
46,50,27
46,52,30
46,54,32
46,56,35
46,58,38
46,60,41
46,62,43
46,64,46
46,66,49
46,68,51
46,70,54
46,72,56
46,74,58
46,76,60
46,78,62
46,80,63
46,82,64
46,84,64
46,86,64
46,88,64
46,90,63
46,92,61
46,94,60
46,96,58
46,98,56
46,100,54
46,102,51
46,104,49
46,106,46
46,108,43
46,110,40
46,112,37
46,114,34
46,116,32
46,118,29
46,120,27
46,122,24
46,124,22
46,126,20
46,128,18
46,130,16
46,132,15
46,134,13
46,136,12
46,138,11
46,140,10
46,142,9
46,144,8
46,146,7
46,148,7
48,0,4
48,2,4
48,4,4
48,6,5
48,8,5
48,10,5
48,12,6
48,14,6
48,16,6
48,18,7
48,20,7
48,22,8
48,24,8
48,26,9
48,28,10
48,30,11
48,32,12
48,34,13
48,36,14
48,38,16
48,40,18
48,42,20
48,44,22
48,46,24
48,48,26
48,50,28
48,52,31
48,54,34
48,56,37
48,58,40
48,60,42
48,62,45
48,64,48
48,66,51
48,68,53
48,70,56
48,72,58
48,74,60
48,76,62
48,78,64
48,80,65
48,82,66
48,84,66
48,86,66
48,88,66
48,90,65
48,92,64
48,94,62
48,96,60
48,98,58
48,100,56
48,102,53
48,104,51
48,106,48
48,108,45
48,110,42
48,112,39
48,114,36
48,116,33
48,118,30
48,120,28
48,122,25
48,124,23
48,126,21
48,128,19
48,130,17
48,132,16
48,134,14
48,136,13
48,138,11
48,140,10
48,142,9
48,144,9
48,146,8
48,148,7
50,0,4
50,2,5
50,4,4
50,6,5
50,8,5
50,10,5
50,12,6
50,14,6
50,16,6
50,18,7
50,20,8
50,22,8
50,24,9
50,26,10
50,28,10
50,30,12
50,32,13
50,34,14
50,36,15
50,38,17
50,40,19
50,42,20
50,44,22
50,46,24
50,48,27
50,50,29
50,52,32
50,54,34
50,56,37
50,58,40
50,60,43
50,62,46
50,64,49
50,66,52
50,68,55
50,70,57
50,72,60
50,74,62
50,76,64
50,78,65
50,80,66
50,82,67
50,84,68
50,86,68
50,88,67
50,90,66
50,92,65
50,94,64
50,96,62
50,98,59
50,100,57
50,102,54
50,104,52
50,106,49
50,108,46
50,110,43
50,112,39
50,114,37
50,116,34
50,118,31
50,120,28
50,122,26
50,124,24
50,126,22
50,128,20
50,130,18
50,132,16
50,134,14
50,136,13
50,138,12
50,140,11
50,142,10
50,144,9
50,146,8
50,148,7
52,0,4
52,2,5
52,4,4
52,6,5
52,8,5
52,10,6
52,12,6
52,14,6
52,16,7
52,18,7
52,20,8
52,22,8
52,24,9
52,26,10
52,28,11
52,30,12
52,32,13
52,34,14
52,36,16
52,38,17
52,40,19
52,42,20
52,44,23
52,46,24
52,48,27
52,50,29
52,52,32
52,54,35
52,56,38
52,58,41
52,60,44
52,62,47
52,64,50
52,66,52
52,68,55
52,70,58
52,72,60
52,74,62
52,76,64
52,78,66
52,80,67
52,82,68
52,84,68
52,86,68
52,88,67
52,90,67
52,92,65
52,94,64
52,96,62
52,98,60
52,100,57
52,102,55
52,104,52
52,106,49
52,108,46
52,110,43
52,112,40
52,114,37
52,116,34
52,118,31
52,120,29
52,122,26
52,124,24
52,126,22
52,128,20
52,130,18
52,132,16
52,134,15
52,136,13
52,138,12
52,140,11
52,142,10
52,144,9
52,146,8
52,148,8
54,0,4
54,2,5
54,4,5
54,6,5
54,8,5
54,10,5
54,12,6
54,14,6
54,16,7
54,18,7
54,20,8
54,22,8
54,24,9
54,26,10
54,28,11
54,30,12
54,32,13
54,34,14
54,36,16
54,38,17
54,40,19
54,42,21
54,44,23
54,46,25
54,48,27
54,50,30
54,52,32
54,54,35
54,56,38
54,58,40
54,60,43
54,62,46
54,64,49
54,66,52
54,68,55
54,70,57
54,72,59
54,74,62
54,76,63
54,78,65
54,80,66
54,82,67
54,84,67
54,86,67
54,88,67
54,90,66
54,92,65
54,94,63
54,96,61
54,98,59
54,100,57
54,102,54
54,104,52
54,106,49
54,108,46
54,110,43
54,112,40
54,114,37
54,116,34
54,118,31
54,120,29
54,122,26
54,124,24
54,126,22
54,128,20
54,130,18
54,132,17
54,134,15
54,136,13
54,138,12
54,140,11
54,142,10
54,144,9
54,146,9
54,148,8
56,0,5
56,2,5
56,4,5
56,6,5
56,8,5
56,10,6
56,12,6
56,14,6
56,16,7
56,18,7
56,20,8
56,22,9
56,24,9
56,26,10
56,28,11
56,30,12
56,32,13
56,34,14
56,36,16
56,38,17
56,40,19
56,42,21
56,44,22
56,46,25
56,48,27
56,50,29
56,52,32
56,54,34
56,56,37
56,58,40
56,60,43
56,62,46
56,64,48
56,66,51
56,68,53
56,70,56
56,72,58
56,74,60
56,76,62
56,78,63
56,80,64
56,82,65
56,84,65
56,86,65
56,88,65
56,90,64
56,92,62
56,94,61
56,96,59
56,98,57
56,100,55
56,102,53
56,104,50
56,106,48
56,108,44
56,110,42
56,112,39
56,114,36
56,116,33
56,118,31
56,120,28
56,122,26
56,124,24
56,126,22
56,128,20
56,130,18
56,132,16
56,134,15
56,136,13
56,138,12
56,140,11
56,142,11
56,144,9
56,146,9
56,148,8
58,0,5
58,2,5
58,4,5
58,6,5
58,8,6
58,10,6
58,12,6
58,14,7
58,16,7
58,18,7
58,20,8
58,22,9
58,24,9
58,26,10
58,28,11
58,30,12
58,32,13
58,34,14
58,36,16
58,38,17
58,40,19
58,42,20
58,44,22
58,46,24
58,48,26
58,50,29
58,52,31
58,54,33
58,56,36
58,58,39
58,60,41
58,62,44
58,64,47
58,66,49
58,68,51
58,70,54
58,72,56
58,74,58
58,76,59
58,78,61
58,80,62
58,82,63
58,84,63
58,86,62
58,88,62
58,90,61
58,92,60
58,94,59
58,96,57
58,98,55
58,100,53
58,102,51
58,104,48
58,106,46
58,108,43
58,110,40
58,112,37
58,114,35
58,116,32
58,118,30
58,120,27
58,122,25
58,124,23
58,126,21
58,128,19
58,130,18
58,132,16
58,134,15
58,136,13
58,138,12
58,140,11
58,142,10
58,144,9
58,146,9
58,148,8
60,0,5
60,2,5
60,4,5
60,6,5
60,8,6
60,10,6
60,12,6
60,14,6
60,16,7
60,18,8
60,20,8
60,22,9
60,24,9
60,26,10
60,28,11
60,30,12
60,32,13
60,34,14
60,36,16
60,38,17
60,40,18
60,42,20
60,44,22
60,46,23
60,48,25
60,50,28
60,52,30
60,54,32
60,56,35
60,58,37
60,60,40
60,62,42
60,64,44
60,66,47
60,68,49
60,70,51
60,72,53
60,74,55
60,76,56
60,78,58
60,80,58
60,82,59
60,84,60
60,86,59
60,88,59
60,90,58
60,92,57
60,94,56
60,96,54
60,98,52
60,100,50
60,102,48
60,104,46
60,106,43
60,108,41
60,110,38
60,112,36
60,114,33
60,116,31
60,118,28
60,120,26
60,122,24
60,124,23
60,126,21
60,128,19
60,130,17
60,132,16
60,134,14
60,136,13
60,138,12
60,140,11
60,142,10
60,144,10
60,146,9
60,148,8
62,0,5
62,2,5
62,4,5
62,6,6
62,8,5
62,10,6
62,12,6
62,14,7
62,16,7
62,18,7
62,20,8
62,22,9
62,24,9
62,26,10
62,28,11
62,30,12
62,32,13
62,34,14
62,36,15
62,38,17
62,40,18
62,42,19
62,44,21
62,46,23
62,48,24
62,50,27
62,52,29
62,54,31
62,56,33
62,58,35
62,60,38
62,62,40
62,64,42
62,66,44
62,68,46
62,70,48
62,72,50
62,74,52
62,76,53
62,78,54
62,80,55
62,82,55
62,84,56
62,86,55
62,88,55
62,90,54
62,92,53
62,94,52
62,96,51
62,98,49
62,100,47
62,102,45
62,104,43
62,106,41
62,108,39
62,110,36
62,112,34
62,114,32
62,116,29
62,118,27
62,120,25
62,122,23
62,124,22
62,126,20
62,128,18
62,130,17
62,132,15
62,134,14
62,136,13
62,138,12
62,140,11
62,142,10
62,144,9
62,146,9
62,148,8
64,0,5
64,2,5
64,4,5
64,6,6
64,8,6
64,10,6
64,12,6
64,14,7
64,16,7
64,18,7
64,20,8
64,22,8
64,24,9
64,26,10
64,28,10
64,30,11
64,32,12
64,34,13
64,36,15
64,38,16
64,40,17
64,42,19
64,44,20
64,46,22
64,48,23
64,50,25
64,52,27
64,54,29
64,56,31
64,58,33
64,60,35
64,62,37
64,64,39
64,66,41
64,68,43
64,70,45
64,72,46
64,74,48
64,76,49
64,78,50
64,80,50
64,82,51
64,84,51
64,86,51
64,88,51
64,90,50
64,92,49
64,94,48
64,96,47
64,98,45
64,100,44
64,102,42
64,104,40
64,106,38
64,108,36
64,110,34
64,112,32
64,114,30
64,116,28
64,118,26
64,120,24
64,122,22
64,124,20
64,126,19
64,128,17
64,130,16
64,132,15
64,134,13
64,136,13
64,138,11
64,140,11
64,142,10
64,144,9
64,146,8
64,148,8
66,0,5
66,2,5
66,4,5
66,6,5
66,8,6
66,10,6
66,12,6
66,14,7
66,16,7
66,18,7
66,20,8
66,22,8
66,24,9
66,26,10
66,28,10
66,30,11
66,32,12
66,34,13
66,36,14
66,38,15
66,40,16
66,42,18
66,44,19
66,46,20
66,48,22
66,50,24
66,52,25
66,54,27
66,56,29
66,58,31
66,60,32
66,62,35
66,64,36
66,66,38
66,68,39
66,70,41
66,72,42
66,74,44
66,76,45
66,78,45
66,80,46
66,82,47
66,84,46
66,86,46
66,88,46
66,90,46
66,92,45
66,94,44
66,96,42
66,98,41
66,100,40
66,102,38
66,104,37
66,106,35
66,108,33
66,110,31
66,112,29
66,114,27
66,116,26
66,118,24
66,120,22
66,122,21
66,124,19
66,126,18
66,128,17
66,130,15
66,132,14
66,134,13
66,136,12
66,138,11
66,140,10
66,142,10
66,144,9
66,146,8
66,148,8
68,0,5
68,2,5
68,4,5
68,6,6
68,8,6
68,10,6
68,12,6
68,14,7
68,16,7
68,18,7
68,20,8
68,22,8
68,24,9
68,26,10
68,28,10
68,30,11
68,32,11
68,34,12
68,36,13
68,38,14
68,40,16
68,42,17
68,44,18
68,46,19
68,48,21
68,50,22
68,52,23
68,54,25
68,56,27
68,58,28
68,60,30
68,62,32
68,64,33
68,66,35
68,68,36
68,70,37
68,72,38
68,74,39
68,76,40
68,78,41
68,80,41
68,82,42
68,84,42
68,86,42
68,88,42
68,90,41
68,92,40
68,94,40
68,96,38
68,98,38
68,100,36
68,102,35
68,104,33
68,106,32
68,108,30
68,110,29
68,112,27
68,114,25
68,116,24
68,118,22
68,120,21
68,122,19
68,124,18
68,126,17
68,128,16
68,130,14
68,132,13
68,134,12
68,136,12
68,138,11
68,140,10
68,142,9
68,144,8
68,146,8
68,148,8
70,0,5
70,2,5
70,4,5
70,6,6
70,8,6
70,10,6
70,12,6
70,14,7
70,16,7
70,18,7
70,20,8
70,22,8
70,24,9
70,26,9
70,28,10
70,30,10
70,32,11
70,34,12
70,36,12
70,38,13
70,40,15
70,42,16
70,44,17
70,46,18
70,48,19
70,50,20
70,52,22
70,54,23
70,56,25
70,58,26
70,60,27
70,62,29
70,64,30
70,66,31
70,68,32
70,70,33
70,72,34
70,74,35
70,76,36
70,78,37
70,80,37
70,82,37
70,84,38
70,86,37
70,88,37
70,90,37
70,92,36
70,94,35
70,96,35
70,98,34
70,100,33
70,102,32
70,104,30
70,106,29
70,108,27
70,110,26
70,112,24
70,114,23
70,116,22
70,118,20
70,120,19
70,122,18
70,124,17
70,126,16
70,128,15
70,130,13
70,132,13
70,134,12
70,136,11
70,138,10
70,140,9
70,142,9
70,144,8
70,146,8
70,148,7
72,0,5
72,2,5
72,4,5
72,6,5
72,8,5
72,10,6
72,12,6
72,14,6
72,16,7
72,18,7
72,20,7
72,22,8
72,24,8
72,26,9
72,28,9
72,30,10
72,32,11
72,34,11
72,36,12
72,38,13
72,40,13
72,42,14
72,44,15
72,46,16
72,48,17
72,50,19
72,52,20
72,54,21
72,56,22
72,58,23
72,60,25
72,62,26
72,64,27
72,66,28
72,68,29
72,70,30
72,72,31
72,74,32
72,76,32
72,78,33
72,80,33
72,82,34
72,84,33
72,86,33
72,88,33
72,90,33
72,92,32
72,94,32
72,96,31
72,98,30
72,100,29
72,102,28
72,104,27
72,106,26
72,108,25
72,110,24
72,112,22
72,114,21
72,116,20
72,118,19
72,120,18
72,122,17
72,124,15
72,126,15
72,128,13
72,130,13
72,132,12
72,134,11
72,136,10
72,138,10
72,140,9
72,142,8
72,144,8
72,146,8
72,148,7
74,0,5
74,2,5
74,4,5
74,6,5
74,8,6
74,10,6
74,12,6
74,14,6
74,16,7
74,18,7
74,20,7
74,22,8
74,24,8
74,26,8
74,28,9
74,30,9
74,32,10
74,34,11
74,36,11
74,38,12
74,40,13
74,42,13
74,44,14
74,46,15
74,48,16
74,50,17
74,52,18
74,54,19
74,56,20
74,58,21
74,60,22
74,62,23
74,64,24
74,66,25
74,68,26
74,70,27
74,72,27
74,74,28
74,76,29
74,78,29
74,80,29
74,82,30
74,84,30
74,86,29
74,88,29
74,90,29
74,92,28
74,94,28
74,96,27
74,98,27
74,100,26
74,102,25
74,104,24
74,106,23
74,108,22
74,110,21
74,112,20
74,114,19
74,116,18
74,118,17
74,120,16
74,122,15
74,124,14
74,126,13
74,128,13
74,130,12
74,132,11
74,134,10
74,136,10
74,138,9
74,140,9
74,142,8
74,144,8
74,146,7
74,148,7
76,0,5
76,2,5
76,4,5
76,6,5
76,8,5
76,10,6
76,12,6
76,14,6
76,16,6
76,18,7
76,20,7
76,22,8
76,24,8
76,26,8
76,28,9
76,30,9
76,32,10
76,34,10
76,36,11
76,38,11
76,40,12
76,42,13
76,44,13
76,46,14
76,48,15
76,50,16
76,52,17
76,54,17
76,56,18
76,58,19
76,60,20
76,62,21
76,64,22
76,66,23
76,68,23
76,70,24
76,72,24
76,74,25
76,76,26
76,78,26
76,80,26
76,82,26
76,84,26
76,86,26
76,88,26
76,90,26
76,92,25
76,94,25
76,96,24
76,98,24
76,100,23
76,102,22
76,104,22
76,106,21
76,108,20
76,110,19
76,112,18
76,114,17
76,116,16
76,118,15
76,120,15
76,122,14
76,124,13
76,126,12
76,128,12
76,130,11
76,132,10
76,134,10
76,136,9
76,138,9
76,140,8
76,142,8
76,144,7
76,146,7
76,148,7
78,0,5
78,2,5
78,4,5
78,6,5
78,8,6
78,10,5
78,12,6
78,14,6
78,16,6
78,18,7
78,20,7
78,22,7
78,24,7
78,26,8
78,28,8
78,30,8
78,32,9
78,34,9
78,36,10
78,38,11
78,40,11
78,42,12
78,44,12
78,46,13
78,48,14
78,50,14
78,52,15
78,54,16
78,56,17
78,58,17
78,60,18
78,62,19
78,64,19
78,66,20
78,68,21
78,70,21
78,72,22
78,74,22
78,76,22
78,78,23
78,80,23
78,82,23
78,84,23
78,86,23
78,88,23
78,90,23
78,92,22
78,94,22
78,96,22
78,98,21
78,100,21
78,102,20
78,104,19
78,106,19
78,108,18
78,110,17
78,112,16
78,114,16
78,116,15
78,118,14
78,120,13
78,122,13
78,124,12
78,126,11
78,128,11
78,130,10
78,132,10
78,134,9
78,136,9
78,138,8
78,140,8
78,142,7
78,144,7
78,146,7
78,148,6
80,0,5
80,2,5
80,4,5
80,6,5
80,8,5
80,10,6
80,12,6
80,14,6
80,16,6
80,18,7
80,20,6
80,22,7
80,24,7
80,26,7
80,28,8
80,30,8
80,32,9
80,34,9
80,36,9
80,38,10
80,40,10
80,42,11
80,44,11
80,46,12
80,48,12
80,50,13
80,52,14
80,54,14
80,56,15
80,58,16
80,60,16
80,62,17
80,64,17
80,66,18
80,68,18
80,70,19
80,72,19
80,74,20
80,76,20
80,78,20
80,80,20
80,82,20
80,84,20
80,86,20
80,88,20
80,90,20
80,92,20
80,94,19
80,96,19
80,98,19
80,100,18
80,102,18
80,104,17
80,106,17
80,108,16
80,110,16
80,112,15
80,114,14
80,116,14
80,118,13
80,120,12
80,122,12
80,124,11
80,126,11
80,128,10
80,130,10
80,132,9
80,134,9
80,136,8
80,138,8
80,140,7
80,142,7
80,144,7
80,146,7
80,148,6
82,0,5
82,2,5
82,4,5
82,6,5
82,8,5
82,10,5
82,12,6
82,14,6
82,16,6
82,18,6
82,20,6
82,22,7
82,24,7
82,26,7
82,28,7
82,30,8
82,32,8
82,34,8
82,36,9
82,38,9
82,40,10
82,42,10
82,44,10
82,46,11
82,48,12
82,50,12
82,52,12
82,54,13
82,56,14
82,58,14
82,60,14
82,62,15
82,64,15
82,66,16
82,68,17
82,70,17
82,72,17
82,74,18
82,76,18
82,78,18
82,80,18
82,82,18
82,84,18
82,86,18
82,88,18
82,90,18
82,92,18
82,94,17
82,96,17
82,98,17
82,100,16
82,102,16
82,104,16
82,106,15
82,108,14
82,110,14
82,112,13
82,114,13
82,116,12
82,118,12
82,120,11
82,122,11
82,124,10
82,126,10
82,128,9
82,130,9
82,132,9
82,134,8
82,136,8
82,138,7
82,140,7
82,142,7
82,144,7
82,146,6
82,148,6
84,0,5
84,2,5
84,4,5
84,6,5
84,8,5
84,10,5
84,12,6
84,14,5
84,16,6
84,18,6
84,20,6
84,22,6
84,24,7
84,26,7
84,28,7
84,30,7
84,32,8
84,34,8
84,36,8
84,38,9
84,40,9
84,42,10
84,44,10
84,46,10
84,48,11
84,50,11
84,52,12
84,54,12
84,56,12
84,58,13
84,60,13
84,62,13
84,64,14
84,66,14
84,68,14
84,70,15
84,72,15
84,74,15
84,76,15
84,78,16
84,80,16
84,82,16
84,84,16
84,86,16
84,88,16
84,90,16
84,92,16
84,94,15
84,96,15
84,98,15
84,100,14
84,102,14
84,104,14
84,106,13
84,108,13
84,110,12
84,112,12
84,114,12
84,116,11
84,118,11
84,120,10
84,122,10
84,124,10
84,126,9
84,128,9
84,130,8
84,132,8
84,134,8
84,136,7
84,138,7
84,140,7
84,142,7
84,144,7
84,146,6
84,148,6
86,0,5
86,2,5
86,4,5
86,6,5
86,8,5
86,10,5
86,12,5
86,14,6
86,16,6
86,18,6
86,20,6
86,22,6
86,24,6
86,26,7
86,28,7
86,30,7
86,32,7
86,34,8
86,36,8
86,38,8
86,40,8
86,42,9
86,44,9
86,46,9
86,48,10
86,50,10
86,52,10
86,54,11
86,56,11
86,58,11
86,60,12
86,62,12
86,64,12
86,66,13
86,68,13
86,70,13
86,72,14
86,74,14
86,76,14
86,78,14
86,80,14
86,82,14
86,84,14
86,86,14
86,88,14
86,90,14
86,92,14
86,94,14
86,96,13
86,98,13
86,100,13
86,102,13
86,104,12
86,106,12
86,108,12
86,110,11
86,112,11
86,114,10
86,116,10
86,118,10
86,120,9
86,122,9
86,124,9
86,126,9
86,128,8
86,130,8
86,132,7
86,134,7
86,136,7
86,138,7
86,140,7
86,142,6
86,144,6
86,146,6
86,148,6
88,0,5
88,2,5
88,4,5
88,6,5
88,8,5
88,10,5
88,12,5
88,14,5
88,16,6
88,18,6
88,20,6
88,22,6
88,24,6
88,26,6
88,28,7
88,30,7
88,32,7
88,34,7
88,36,7
88,38,8
88,40,8
88,42,8
88,44,8
88,46,9
88,48,9
88,50,9
88,52,9
88,54,10
88,56,10
88,58,11
88,60,11
88,62,11
88,64,11
88,66,11
88,68,12
88,70,12
88,72,12
88,74,12
88,76,12
88,78,12
88,80,12
88,82,12
88,84,13
88,86,12
88,88,13
88,90,13
88,92,12
88,94,12
88,96,12
88,98,12
88,100,12
88,102,11
88,104,11
88,106,11
88,108,11
88,110,10
88,112,10
88,114,10
88,116,9
88,118,9
88,120,9
88,122,9
88,124,8
88,126,8
88,128,8
88,130,8
88,132,7
88,134,7
88,136,7
88,138,7
88,140,6
88,142,6
88,144,6
88,146,6
88,148,6
90,0,5
90,2,5
90,4,5
90,6,5
90,8,5
90,10,5
90,12,5
90,14,5
90,16,5
90,18,6
90,20,6
90,22,6
90,24,6
90,26,6
90,28,7
90,30,6
90,32,7
90,34,7
90,36,7
90,38,7
90,40,7
90,42,8
90,44,8
90,46,8
90,48,8
90,50,9
90,52,9
90,54,9
90,56,9
90,58,10
90,60,10
90,62,10
90,64,10
90,66,10
90,68,11
90,70,11
90,72,11
90,74,11
90,76,11
90,78,11
90,80,11
90,82,11
90,84,11
90,86,11
90,88,11
90,90,11
90,92,11
90,94,11
90,96,11
90,98,11
90,100,10
90,102,10
90,104,10
90,106,10
90,108,10
90,110,9
90,112,9
90,114,9
90,116,9
90,118,8
90,120,8
90,122,8
90,124,8
90,126,8
90,128,7
90,130,7
90,132,7
90,134,7
90,136,6
90,138,6
90,140,6
90,142,6
90,144,6
90,146,6
90,148,5
92,0,5
92,2,5
92,4,5
92,6,5
92,8,5
92,10,5
92,12,5
92,14,5
92,16,5
92,18,6
92,20,5
92,22,6
92,24,6
92,26,6
92,28,6
92,30,6
92,32,7
92,34,7
92,36,7
92,38,7
92,40,7
92,42,7
92,44,8
92,46,8
92,48,8
92,50,8
92,52,8
92,54,9
92,56,9
92,58,9
92,60,9
92,62,9
92,64,9
92,66,10
92,68,10
92,70,10
92,72,10
92,74,10
92,76,10
92,78,10
92,80,10
92,82,10
92,84,10
92,86,10
92,88,10
92,90,10
92,92,10
92,94,10
92,96,10
92,98,10
92,100,9
92,102,10
92,104,9
92,106,9
92,108,9
92,110,9
92,112,8
92,114,8
92,116,8
92,118,8
92,120,8
92,122,8
92,124,7
92,126,7
92,128,7
92,130,7
92,132,6
92,134,7
92,136,6
92,138,6
92,140,6
92,142,6
92,144,6
92,146,6
92,148,6
94,0,5
94,2,5
94,4,5
94,6,5
94,8,5
94,10,5
94,12,5
94,14,5
94,16,5
94,18,5
94,20,5
94,22,6
94,24,6
94,26,6
94,28,6
94,30,6
94,32,6
94,34,6
94,36,7
94,38,7
94,40,7
94,42,7
94,44,7
94,46,7
94,48,7
94,50,7
94,52,8
94,54,8
94,56,8
94,58,8
94,60,8
94,62,8
94,64,9
94,66,9
94,68,9
94,70,9
94,72,9
94,74,9
94,76,9
94,78,9
94,80,9
94,82,9
94,84,10
94,86,9
94,88,9
94,90,9
94,92,9
94,94,9
94,96,9
94,98,9
94,100,9
94,102,9
94,104,8
94,106,8
94,108,8
94,110,8
94,112,8
94,114,8
94,116,8
94,118,7
94,120,7
94,122,7
94,124,7
94,126,7
94,128,7
94,130,6
94,132,6
94,134,6
94,136,6
94,138,6
94,140,6
94,142,6
94,144,5
94,146,5
94,148,5
96,0,5
96,2,5
96,4,5
96,6,5
96,8,5
96,10,5
96,12,5
96,14,5
96,16,5
96,18,5
96,20,5
96,22,6
96,24,5
96,26,6
96,28,6
96,30,6
96,32,6
96,34,6
96,36,6
96,38,6
96,40,7
96,42,7
96,44,7
96,46,7
96,48,7
96,50,7
96,52,7
96,54,7
96,56,7
96,58,8
96,60,8
96,62,8
96,64,8
96,66,8
96,68,8
96,70,8
96,72,8
96,74,8
96,76,8
96,78,9
96,80,9
96,82,8
96,84,8
96,86,9
96,88,9
96,90,8
96,92,8
96,94,8
96,96,8
96,98,8
96,100,8
96,102,8
96,104,8
96,106,8
96,108,8
96,110,7
96,112,7
96,114,7
96,116,7
96,118,7
96,120,7
96,122,7
96,124,7
96,126,6
96,128,6
96,130,6
96,132,6
96,134,6
96,136,6
96,138,6
96,140,6
96,142,6
96,144,5
96,146,5
96,148,5
98,0,5
98,2,5
98,4,5
98,6,5
98,8,5
98,10,5
98,12,5
98,14,5
98,16,5
98,18,5
98,20,5
98,22,5
98,24,5
98,26,6
98,28,6
98,30,6
98,32,6
98,34,6
98,36,6
98,38,6
98,40,6
98,42,6
98,44,6
98,46,6
98,48,7
98,50,7
98,52,7
98,54,7
98,56,7
98,58,7
98,60,7
98,62,7
98,64,7
98,66,7
98,68,8
98,70,8
98,72,8
98,74,8
98,76,8
98,78,8
98,80,8
98,82,8
98,84,8
98,86,8
98,88,8
98,90,8
98,92,8
98,94,8
98,96,8
98,98,8
98,100,8
98,102,7
98,104,7
98,106,7
98,108,7
98,110,7
98,112,7
98,114,7
98,116,7
98,118,7
98,120,6
98,122,6
98,124,6
98,126,6
98,128,6
98,130,6
98,132,6
98,134,6
98,136,6
98,138,6
98,140,5
98,142,5
98,144,5
98,146,5
98,148,5
100,0,5
100,2,5
100,4,5
100,6,5
100,8,5
100,10,5
100,12,5
100,14,5
100,16,5
100,18,5
100,20,5
100,22,5
100,24,5
100,26,5
100,28,5
100,30,6
100,32,5
100,34,6
100,36,6
100,38,6
100,40,6
100,42,6
100,44,6
100,46,6
100,48,6
100,50,6
100,52,6
100,54,7
100,56,7
100,58,7
100,60,7
100,62,7
100,64,7
100,66,7
100,68,7
100,70,7
100,72,7
100,74,7
100,76,7
100,78,7
100,80,7
100,82,7
100,84,7
100,86,7
100,88,7
100,90,7
100,92,7
100,94,7
100,96,7
100,98,7
100,100,7
100,102,7
100,104,7
100,106,7
100,108,7
100,110,7
100,112,6
100,114,6
100,116,6
100,118,6
100,120,6
100,122,6
100,124,6
100,126,6
100,128,6
100,130,6
100,132,6
100,134,6
100,136,5
100,138,5
100,140,5
100,142,5
100,144,5
100,146,5
100,148,5
102,0,4
102,2,5
102,4,5
102,6,5
102,8,5
102,10,5
102,12,5
102,14,5
102,16,5
102,18,5
102,20,5
102,22,5
102,24,5
102,26,5
102,28,5
102,30,5
102,32,5
102,34,5
102,36,6
102,38,6
102,40,6
102,42,6
102,44,6
102,46,6
102,48,6
102,50,6
102,52,6
102,54,6
102,56,6
102,58,6
102,60,7
102,62,6
102,64,7
102,66,7
102,68,7
102,70,7
102,72,7
102,74,7
102,76,7
102,78,7
102,80,7
102,82,7
102,84,7
102,86,7
102,88,7
102,90,7
102,92,7
102,94,7
102,96,7
102,98,7
102,100,7
102,102,7
102,104,7
102,106,6
102,108,6
102,110,6
102,112,6
102,114,6
102,116,6
102,118,6
102,120,6
102,122,6
102,124,6
102,126,6
102,128,6
102,130,5
102,132,5
102,134,5
102,136,5
102,138,5
102,140,5
102,142,5
102,144,5
102,146,5
102,148,5
104,0,4
104,2,5
104,4,5
104,6,5
104,8,5
104,10,5
104,12,5
104,14,5
104,16,5
104,18,5
104,20,5
104,22,5
104,24,5
104,26,5
104,28,5
104,30,5
104,32,5
104,34,5
104,36,6
104,38,6
104,40,6
104,42,5
104,44,6
104,46,6
104,48,6
104,50,6
104,52,6
104,54,6
104,56,6
104,58,6
104,60,6
104,62,6
104,64,6
104,66,6
104,68,6
104,70,6
104,72,6
104,74,6
104,76,7
104,78,6
104,80,6
104,82,7
104,84,7
104,86,6
104,88,6
104,90,6
104,92,6
104,94,6
104,96,6
104,98,6
104,100,6
104,102,6
104,104,6
104,106,6
104,108,6
104,110,6
104,112,6
104,114,6
104,116,6
104,118,6
104,120,6
104,122,5
104,124,6
104,126,5
104,128,5
104,130,5
104,132,5
104,134,5
104,136,5
104,138,5
104,140,5
104,142,5
104,144,5
104,146,5
104,148,5
106,0,5
106,2,5
106,4,5
106,6,5
106,8,4
106,10,5
106,12,5
106,14,5
106,16,5
106,18,5
106,20,5
106,22,5
106,24,5
106,26,5
106,28,5
106,30,5
106,32,5
106,34,5
106,36,5
106,38,5
106,40,5
106,42,5
106,44,6
106,46,5
106,48,6
106,50,6
106,52,6
106,54,6
106,56,6
106,58,6
106,60,6
106,62,6
106,64,6
106,66,6
106,68,6
106,70,6
106,72,6
106,74,6
106,76,6
106,78,6
106,80,6
106,82,6
106,84,6
106,86,6
106,88,6
106,90,6
106,92,6
106,94,6
106,96,6
106,98,6
106,100,6
106,102,6
106,104,6
106,106,6
106,108,6
106,110,6
106,112,6
106,114,6
106,116,5
106,118,6
106,120,5
106,122,5
106,124,5
106,126,5
106,128,5
106,130,5
106,132,5
106,134,5
106,136,5
106,138,5
106,140,5
106,142,5
106,144,5
106,146,5
106,148,5
108,0,4
108,2,4
108,4,4
108,6,5
108,8,5
108,10,5
108,12,5
108,14,5
108,16,5
108,18,5
108,20,5
108,22,5
108,24,5
108,26,5
108,28,5
108,30,5
108,32,5
108,34,5
108,36,5
108,38,5
108,40,5
108,42,5
108,44,5
108,46,5
108,48,6
108,50,5
108,52,5
108,54,5
108,56,6
108,58,6
108,60,6
108,62,5
108,64,6
108,66,6
108,68,6
108,70,6
108,72,6
108,74,6
108,76,6
108,78,6
108,80,6
108,82,6
108,84,6
108,86,6
108,88,6
108,90,6
108,92,6
108,94,6
108,96,6
108,98,6
108,100,6
108,102,6
108,104,5
108,106,6
108,108,6
108,110,5
108,112,5
108,114,5
108,116,5
108,118,5
108,120,5
108,122,5
108,124,5
108,126,5
108,128,5
108,130,5
108,132,5
108,134,5
108,136,5
108,138,5
108,140,5
108,142,5
108,144,5
108,146,5
108,148,5
110,0,5
110,2,4
110,4,4
110,6,5
110,8,5
110,10,5
110,12,5
110,14,5
110,16,5
110,18,5
110,20,5
110,22,5
110,24,5
110,26,5
110,28,5
110,30,5
110,32,5
110,34,5
110,36,5
110,38,5
110,40,5
110,42,5
110,44,5
110,46,5
110,48,5
110,50,6
110,52,5
110,54,5
110,56,6
110,58,5
110,60,5
110,62,5
110,64,5
110,66,6
110,68,6
110,70,6
110,72,6
110,74,6
110,76,6
110,78,6
110,80,6
110,82,6
110,84,6
110,86,6
110,88,6
110,90,6
110,92,6
110,94,5
110,96,6
110,98,6
110,100,6
110,102,5
110,104,6
110,106,6
110,108,5
110,110,5
110,112,5
110,114,5
110,116,5
110,118,5
110,120,5
110,122,5
110,124,5
110,126,5
110,128,5
110,130,5
110,132,5
110,134,5
110,136,5
110,138,5
110,140,5
110,142,5
110,144,5
110,146,5
110,148,5
112,0,4
112,2,4
112,4,5
112,6,5
112,8,5
112,10,5
112,12,4
112,14,5
112,16,5
112,18,5
112,20,5
112,22,5
112,24,5
112,26,5
112,28,5
112,30,5
112,32,5
112,34,5
112,36,5
112,38,5
112,40,5
112,42,5
112,44,5
112,46,5
112,48,5
112,50,5
112,52,5
112,54,5
112,56,5
112,58,5
112,60,5
112,62,5
112,64,5
112,66,6
112,68,5
112,70,5
112,72,5
112,74,6
112,76,5
112,78,5
112,80,6
112,82,6
112,84,5
112,86,6
112,88,6
112,90,5
112,92,6
112,94,6
112,96,5
112,98,5
112,100,5
112,102,5
112,104,5
112,106,5
112,108,5
112,110,5
112,112,5
112,114,5
112,116,5
112,118,5
112,120,5
112,122,5
112,124,5
112,126,5
112,128,5
112,130,5
112,132,5
112,134,5
112,136,5
112,138,5
112,140,5
112,142,5
112,144,5
112,146,5
112,148,5
114,0,5
114,2,4
114,4,5
114,6,5
114,8,4
114,10,5
114,12,5
114,14,5
114,16,5
114,18,5
114,20,5
114,22,5
114,24,5
114,26,5
114,28,5
114,30,5
114,32,5
114,34,5
114,36,5
114,38,5
114,40,5
114,42,5
114,44,5
114,46,5
114,48,5
114,50,5
114,52,5
114,54,5
114,56,5
114,58,5
114,60,5
114,62,5
114,64,5
114,66,5
114,68,5
114,70,5
114,72,5
114,74,5
114,76,5
114,78,5
114,80,5
114,82,5
114,84,5
114,86,5
114,88,5
114,90,5
114,92,5
114,94,5
114,96,5
114,98,5
114,100,5
114,102,5
114,104,5
114,106,5
114,108,5
114,110,5
114,112,5
114,114,5
114,116,5
114,118,5
114,120,5
114,122,5
114,124,5
114,126,5
114,128,5
114,130,5
114,132,5
114,134,5
114,136,5
114,138,5
114,140,5
114,142,5
114,144,5
114,146,5
114,148,5
116,0,5
116,2,4
116,4,4
116,6,4
116,8,5
116,10,5
116,12,5
116,14,5
116,16,5
116,18,5
116,20,5
116,22,5
116,24,5
116,26,5
116,28,5
116,30,5
116,32,5
116,34,5
116,36,5
116,38,5
116,40,5
116,42,5
116,44,5
116,46,5
116,48,5
116,50,5
116,52,5
116,54,5
116,56,5
116,58,5
116,60,5
116,62,5
116,64,5
116,66,5
116,68,5
116,70,5
116,72,5
116,74,5
116,76,5
116,78,5
116,80,5
116,82,5
116,84,5
116,86,5
116,88,5
116,90,5
116,92,5
116,94,5
116,96,5
116,98,5
116,100,5
116,102,5
116,104,5
116,106,5
116,108,5
116,110,5
116,112,5
116,114,5
116,116,5
116,118,5
116,120,5
116,122,5
116,124,5
116,126,5
116,128,5
116,130,5
116,132,5
116,134,5
116,136,5
116,138,5
116,140,5
116,142,5
116,144,5
116,146,5
116,148,5
118,0,4
118,2,5
118,4,5
118,6,4
118,8,5
118,10,5
118,12,5
118,14,4
118,16,5
118,18,5
118,20,4
118,22,5
118,24,5
118,26,5
118,28,5
118,30,5
118,32,5
118,34,5
118,36,5
118,38,5
118,40,5
118,42,5
118,44,5
118,46,5
118,48,5
118,50,5
118,52,5
118,54,5
118,56,5
118,58,5
118,60,5
118,62,5
118,64,5
118,66,5
118,68,5
118,70,5
118,72,5
118,74,5
118,76,5
118,78,5
118,80,5
118,82,5
118,84,5
118,86,5
118,88,5
118,90,5
118,92,5
118,94,5
118,96,5
118,98,5
118,100,5
118,102,5
118,104,5
118,106,5
118,108,5
118,110,5
118,112,5
118,114,5
118,116,5
118,118,5
118,120,5
118,122,5
118,124,5
118,126,5
118,128,5
118,130,5
118,132,5
118,134,5
118,136,5
118,138,5
118,140,5
118,142,5
118,144,4
118,146,5
118,148,4
120,0,4
120,2,4
120,4,4
120,6,4
120,8,4
120,10,4
120,12,5
120,14,4
120,16,4
120,18,5
120,20,4
120,22,5
120,24,5
120,26,4
120,28,5
120,30,5
120,32,5
120,34,5
120,36,5
120,38,4
120,40,5
120,42,4
120,44,5
120,46,5
120,48,4
120,50,5
120,52,5
120,54,5
120,56,5
120,58,5
120,60,5
120,62,5
120,64,5
120,66,5
120,68,5
120,70,5
120,72,5
120,74,5
120,76,5
120,78,5
120,80,5
120,82,5
120,84,5
120,86,5
120,88,5
120,90,5
120,92,5
120,94,5
120,96,5
120,98,5
120,100,5
120,102,5
120,104,5
120,106,5
120,108,5
120,110,5
120,112,5
120,114,5
120,116,5
120,118,5
120,120,5
120,122,5
120,124,5
120,126,5
120,128,5
120,130,4
120,132,5
120,134,5
120,136,5
120,138,5
120,140,5
120,142,5
120,144,4
120,146,5
120,148,5
122,0,4
122,2,4
122,4,4
122,6,4
122,8,4
122,10,4
122,12,4
122,14,4
122,16,4
122,18,4
122,20,5
122,22,5
122,24,4
122,26,4
122,28,5
122,30,5
122,32,4
122,34,4
122,36,4
122,38,4
122,40,5
122,42,5
122,44,4
122,46,5
122,48,5
122,50,5
122,52,5
122,54,5
122,56,5
122,58,5
122,60,5
122,62,5
122,64,5
122,66,5
122,68,5
122,70,5
122,72,5
122,74,5
122,76,5
122,78,5
122,80,4
122,82,5
122,84,4
122,86,5
122,88,5
122,90,5
122,92,5
122,94,4
122,96,5
122,98,5
122,100,5
122,102,5
122,104,4
122,106,5
122,108,5
122,110,5
122,112,5
122,114,5
122,116,5
122,118,5
122,120,5
122,122,5
122,124,4
122,126,5
122,128,5
122,130,4
122,132,5
122,134,4
122,136,5
122,138,4
122,140,4
122,142,4
122,144,4
122,146,4
122,148,4
124,0,4
124,2,5
124,4,4
124,6,4
124,8,4
124,10,4
124,12,4
124,14,4
124,16,4
124,18,5
124,20,4
124,22,4
124,24,5
124,26,4
124,28,4
124,30,4
124,32,4
124,34,4
124,36,5
124,38,4
124,40,5
124,42,4
124,44,5
124,46,5
124,48,5
124,50,5
124,52,5
124,54,5
124,56,5
124,58,5
124,60,5
124,62,5
124,64,5
124,66,5
124,68,5
124,70,5
124,72,5
124,74,5
124,76,5
124,78,5
124,80,5
124,82,5
124,84,5
124,86,5
124,88,5
124,90,5
124,92,5
124,94,4
124,96,5
124,98,5
124,100,4
124,102,5
124,104,5
124,106,4
124,108,4
124,110,5
124,112,5
124,114,5
124,116,5
124,118,4
124,120,5
124,122,4
124,124,5
124,126,5
124,128,5
124,130,4
124,132,4
124,134,4
124,136,4
124,138,4
124,140,4
124,142,4
124,144,4
124,146,4
124,148,4
126,0,4
126,2,4
126,4,4
126,6,4
126,8,4
126,10,4
126,12,4
126,14,4
126,16,5
126,18,4
126,20,4
126,22,4
126,24,4
126,26,5
126,28,4
126,30,4
126,32,4
126,34,4
126,36,4
126,38,5
126,40,5
126,42,4
126,44,4
126,46,5
126,48,5
126,50,4
126,52,5
126,54,5
126,56,5
126,58,5
126,60,5
126,62,5
126,64,4
126,66,5
126,68,5
126,70,5
126,72,5
126,74,5
126,76,5
126,78,5
126,80,5
126,82,5
126,84,5
126,86,5
126,88,5
126,90,5
126,92,5
126,94,4
126,96,4
126,98,5
126,100,5
126,102,5
126,104,5
126,106,5
126,108,5
126,110,5
126,112,4
126,114,5
126,116,4
126,118,4
126,120,4
126,122,5
126,124,4
126,126,4
126,128,5
126,130,4
126,132,4
126,134,5
126,136,4
126,138,5
126,140,4
126,142,4
126,144,4
126,146,4
126,148,4
128,0,4
128,2,4
128,4,4
128,6,4
128,8,4
128,10,4
128,12,4
128,14,4
128,16,4
128,18,4
128,20,4
128,22,4
128,24,4
128,26,4
128,28,5
128,30,4
128,32,4
128,34,4
128,36,4
128,38,4
128,40,4
128,42,4
128,44,4
128,46,4
128,48,4
128,50,5
128,52,5
128,54,4
128,56,5
128,58,5
128,60,4
128,62,4
128,64,5
128,66,4
128,68,5
128,70,4
128,72,4
128,74,5
128,76,5
128,78,5
128,80,4
128,82,4
128,84,4
128,86,5
128,88,4
128,90,5
128,92,5
128,94,4
128,96,5
128,98,5
128,100,5
128,102,5
128,104,5
128,106,5
128,108,4
128,110,5
128,112,5
128,114,5
128,116,5
128,118,4
128,120,4
128,122,4
128,124,4
128,126,4
128,128,4
128,130,4
128,132,4
128,134,4
128,136,4
128,138,4
128,140,5
128,142,4
128,144,4
128,146,4
128,148,5
130,0,4
130,2,4
130,4,4
130,6,4
130,8,4
130,10,4
130,12,4
130,14,4
130,16,4
130,18,4
130,20,4
130,22,4
130,24,4
130,26,4
130,28,4
130,30,4
130,32,4
130,34,5
130,36,4
130,38,4
130,40,4
130,42,4
130,44,5
130,46,5
130,48,4
130,50,5
130,52,4
130,54,4
130,56,5
130,58,4
130,60,4
130,62,4
130,64,4
130,66,5
130,68,4
130,70,5
130,72,4
130,74,4
130,76,5
130,78,4
130,80,4
130,82,5
130,84,4
130,86,5
130,88,5
130,90,4
130,92,5
130,94,4
130,96,5
130,98,4
130,100,4
130,102,4
130,104,4
130,106,5
130,108,5
130,110,4
130,112,4
130,114,5
130,116,5
130,118,4
130,120,5
130,122,4
130,124,4
130,126,5
130,128,4
130,130,4
130,132,4
130,134,4
130,136,4
130,138,4
130,140,4
130,142,4
130,144,4
130,146,4
130,148,4
132,0,4
132,2,4
132,4,4
132,6,4
132,8,4
132,10,4
132,12,4
132,14,4
132,16,4
132,18,4
132,20,4
132,22,4
132,24,4
132,26,4
132,28,4
132,30,5
132,32,4
132,34,4
132,36,4
132,38,4
132,40,4
132,42,4
132,44,5
132,46,4
132,48,5
132,50,5
132,52,4
132,54,4
132,56,5
132,58,4
132,60,4
132,62,4
132,64,4
132,66,4
132,68,4
132,70,4
132,72,5
132,74,4
132,76,4
132,78,4
132,80,4
132,82,5
132,84,5
132,86,4
132,88,4
132,90,4
132,92,4
132,94,4
132,96,4
132,98,4
132,100,4
132,102,4
132,104,5
132,106,4
132,108,4
132,110,4
132,112,4
132,114,4
132,116,4
132,118,4
132,120,4
132,122,4
132,124,5
132,126,4
132,128,4
132,130,4
132,132,4
132,134,5
132,136,4
132,138,4
132,140,4
132,142,4
132,144,4
132,146,4
132,148,4
134,0,4
134,2,4
134,4,4
134,6,4
134,8,4
134,10,4
134,12,4
134,14,4
134,16,5
134,18,4
134,20,4
134,22,4
134,24,4
134,26,4
134,28,4
134,30,4
134,32,5
134,34,4
134,36,4
134,38,4
134,40,4
134,42,5
134,44,4
134,46,4
134,48,5
134,50,5
134,52,4
134,54,5
134,56,5
134,58,4
134,60,4
134,62,5
134,64,5
134,66,4
134,68,4
134,70,4
134,72,4
134,74,4
134,76,4
134,78,4
134,80,5
134,82,4
134,84,4
134,86,4
134,88,4
134,90,5
134,92,4
134,94,4
134,96,4
134,98,4
134,100,4
134,102,4
134,104,4
134,106,5
134,108,4
134,110,5
134,112,4
134,114,4
134,116,4
134,118,4
134,120,4
134,122,4
134,124,4
134,126,5
134,128,4
134,130,4
134,132,4
134,134,4
134,136,4
134,138,4
134,140,5
134,142,5
134,144,4
134,146,4
134,148,4
136,0,4
136,2,4
136,4,4
136,6,4
136,8,4
136,10,4
136,12,4
136,14,4
136,16,4
136,18,4
136,20,4
136,22,4
136,24,4
136,26,4
136,28,4
136,30,4
136,32,4
136,34,4
136,36,4
136,38,4
136,40,4
136,42,4
136,44,4
136,46,4
136,48,4
136,50,4
136,52,4
136,54,4
136,56,5
136,58,4
136,60,5
136,62,5
136,64,4
136,66,4
136,68,4
136,70,5
136,72,4
136,74,4
136,76,4
136,78,4
136,80,4
136,82,4
136,84,4
136,86,4
136,88,5
136,90,4
136,92,4
136,94,4
136,96,4
136,98,4
136,100,4
136,102,4
136,104,4
136,106,4
136,108,4
136,110,4
136,112,4
136,114,4
136,116,4
136,118,4
136,120,5
136,122,5
136,124,4
136,126,4
136,128,4
136,130,4
136,132,5
136,134,4
136,136,4
136,138,4
136,140,4
136,142,4
136,144,4
136,146,4
136,148,5
138,0,4
138,2,5
138,4,4
138,6,4
138,8,4
138,10,4
138,12,4
138,14,5
138,16,4
138,18,4
138,20,4
138,22,4
138,24,5
138,26,4
138,28,4
138,30,5
138,32,4
138,34,4
138,36,4
138,38,4
138,40,4
138,42,4
138,44,5
138,46,4
138,48,4
138,50,4
138,52,5
138,54,4
138,56,4
138,58,5
138,60,4
138,62,4
138,64,4
138,66,4
138,68,4
138,70,4
138,72,4
138,74,4
138,76,5
138,78,4
138,80,4
138,82,4
138,84,5
138,86,4
138,88,4
138,90,4
138,92,5
138,94,4
138,96,4
138,98,4
138,100,4
138,102,4
138,104,4
138,106,4
138,108,4
138,110,4
138,112,4
138,114,4
138,116,4
138,118,5
138,120,4
138,122,4
138,124,4
138,126,4
138,128,4
138,130,4
138,132,5
138,134,4
138,136,4
138,138,4
138,140,4
138,142,4
138,144,4
138,146,4
138,148,4
140,0,4
140,2,4
140,4,4
140,6,4
140,8,4
140,10,4
140,12,4
140,14,4
140,16,4
140,18,4
140,20,4
140,22,4
140,24,4
140,26,4
140,28,4
140,30,4
140,32,4
140,34,4
140,36,5
140,38,4
140,40,4
140,42,4
140,44,4
140,46,4
140,48,4
140,50,4
140,52,4
140,54,4
140,56,4
140,58,4
140,60,4
140,62,4
140,64,4
140,66,4
140,68,4
140,70,5
140,72,4
140,74,4
140,76,4
140,78,4
140,80,4
140,82,5
140,84,4
140,86,4
140,88,4
140,90,4
140,92,4
140,94,4
140,96,4
140,98,4
140,100,5
140,102,4
140,104,4
140,106,4
140,108,4
140,110,4
140,112,4
140,114,4
140,116,4
140,118,5
140,120,4
140,122,4
140,124,4
140,126,5
140,128,4
140,130,4
140,132,4
140,134,4
140,136,4
140,138,4
140,140,5
140,142,4
140,144,4
140,146,4
140,148,4
142,0,4
142,2,4
142,4,4
142,6,4
142,8,4
142,10,4
142,12,4
142,14,4
142,16,4
142,18,4
142,20,4
142,22,4
142,24,4
142,26,4
142,28,4
142,30,4
142,32,4
142,34,4
142,36,4
142,38,4
142,40,5
142,42,5
142,44,4
142,46,5
142,48,4
142,50,4
142,52,4
142,54,4
142,56,4
142,58,4
142,60,4
142,62,4
142,64,4
142,66,4
142,68,4
142,70,4
142,72,4
142,74,4
142,76,5
142,78,4
142,80,4
142,82,4
142,84,4
142,86,4
142,88,4
142,90,4
142,92,4
142,94,4
142,96,4
142,98,4
142,100,4
142,102,5
142,104,4
142,106,4
142,108,4
142,110,4
142,112,4
142,114,4
142,116,4
142,118,4
142,120,4
142,122,4
142,124,5
142,126,4
142,128,4
142,130,4
142,132,4
142,134,4
142,136,4
142,138,4
142,140,4
142,142,5
142,144,4
142,146,4
142,148,4
144,0,4
144,2,4
144,4,4
144,6,4
144,8,4
144,10,4
144,12,4
144,14,4
144,16,4
144,18,4
144,20,4
144,22,4
144,24,4
144,26,4
144,28,4
144,30,4
144,32,4
144,34,4
144,36,4
144,38,4
144,40,4
144,42,4
144,44,4
144,46,4
144,48,4
144,50,4
144,52,4
144,54,4
144,56,4
144,58,4
144,60,4
144,62,4
144,64,4
144,66,4
144,68,4
144,70,4
144,72,4
144,74,4
144,76,4
144,78,4
144,80,5
144,82,5
144,84,4
144,86,4
144,88,4
144,90,4
144,92,4
144,94,4
144,96,4
144,98,4
144,100,4
144,102,4
144,104,4
144,106,4
144,108,4
144,110,4
144,112,4
144,114,4
144,116,4
144,118,4
144,120,4
144,122,4
144,124,4
144,126,4
144,128,4
144,130,4
144,132,4
144,134,4
144,136,4
144,138,4
144,140,4
144,142,4
144,144,4
144,146,4
144,148,4
146,0,4
146,2,4
146,4,4
146,6,4
146,8,4
146,10,4
146,12,4
146,14,4
146,16,4
146,18,4
146,20,4
146,22,4
146,24,4
146,26,4
146,28,4
146,30,5
146,32,4
146,34,4
146,36,5
146,38,5
146,40,5
146,42,4
146,44,4
146,46,4
146,48,4
146,50,4
146,52,4
146,54,4
146,56,4
146,58,4
146,60,4
146,62,4
146,64,4
146,66,5
146,68,4
146,70,4
146,72,4
146,74,4
146,76,4
146,78,5
146,80,4
146,82,4
146,84,4
146,86,4
146,88,4
146,90,4
146,92,4
146,94,4
146,96,4
146,98,4
146,100,4
146,102,4
146,104,5
146,106,4
146,108,4
146,110,4
146,112,4
146,114,5
146,116,5
146,118,4
146,120,4
146,122,5
146,124,4
146,126,5
146,128,4
146,130,5
146,132,4
146,134,4
146,136,4
146,138,5
146,140,5
146,142,5
146,144,4
146,146,4
146,148,4
148,0,4
148,2,4
148,4,4
148,6,4
148,8,4
148,10,4
148,12,4
148,14,4
148,16,4
148,18,4
148,20,4
148,22,4
148,24,4
148,26,4
148,28,4
148,30,4
148,32,4
148,34,5
148,36,4
148,38,4
148,40,4
148,42,4
148,44,4
148,46,4
148,48,4
148,50,4
148,52,4
148,54,5
148,56,5
148,58,4
148,60,4
148,62,4
148,64,4
148,66,4
148,68,4
148,70,4
148,72,4
148,74,5
148,76,5
148,78,4
148,80,4
148,82,4
148,84,4
148,86,5
148,88,5
148,90,4
148,92,4
148,94,4
148,96,4
148,98,4
148,100,4
148,102,4
148,104,5
148,106,4
148,108,4
148,110,5
148,112,4
148,114,5
148,116,5
148,118,5
148,120,4
148,122,4
148,124,4
148,126,4
148,128,4
148,130,5
148,132,5
148,134,5
148,136,4
148,138,5
148,140,4
148,142,4
148,144,4
148,146,5
148,148,4
150,0,4
150,2,4
150,4,4
150,6,4
150,8,4
150,10,4
150,12,5
150,14,4
150,16,4
150,18,4
150,20,4
150,22,4
150,24,4
150,26,4
150,28,4
150,30,4
150,32,4
150,34,4
150,36,4
150,38,4
150,40,4
150,42,4
150,44,4
150,46,4
150,48,4
150,50,4
150,52,4
150,54,4
150,56,4
150,58,4
150,60,4
150,62,4
150,64,4
150,66,4
150,68,4
150,70,4
150,72,4
150,74,4
150,76,4
150,78,4
150,80,5
150,82,5
150,84,4
150,86,4
150,88,4
150,90,5
150,92,4
150,94,4
150,96,5
150,98,5
150,100,4
150,102,5
150,104,5
150,106,4
150,108,4
150,110,4
150,112,4
150,114,5
150,116,4
150,118,4
150,120,4
150,122,4
150,124,4
150,126,4
150,128,5
150,130,5
150,132,5
150,134,4
150,136,4
150,138,4
150,140,5
150,142,5
150,144,5
150,146,5
150,148,4
152,0,4
152,2,4
152,4,4
152,6,4
152,8,4
152,10,4
152,12,4
152,14,4
152,16,4
152,18,4
152,20,4
152,22,4
152,24,4
152,26,4
152,28,4
152,30,4
152,32,4
152,34,4
152,36,4
152,38,4
152,40,4
152,42,5
152,44,4
152,46,4
152,48,4
152,50,4
152,52,4
152,54,5
152,56,4
152,58,4
152,60,4
152,62,4
152,64,4
152,66,4
152,68,4
152,70,4
152,72,4
152,74,5
152,76,4
152,78,4
152,80,4
152,82,4
152,84,4
152,86,4
152,88,4
152,90,4
152,92,4
152,94,4
152,96,4
152,98,4
152,100,4
152,102,5
152,104,4
152,106,4
152,108,4
152,110,4
152,112,4
152,114,5
152,116,4
152,118,5
152,120,4
152,122,4
152,124,4
152,126,4
152,128,4
152,130,4
152,132,5
152,134,4
152,136,4
152,138,4
152,140,4
152,142,4
152,144,5
152,146,4
152,148,5
154,0,5
154,2,5
154,4,4
154,6,4
154,8,4
154,10,4
154,12,4
154,14,4
154,16,4
154,18,4
154,20,4
154,22,4
154,24,5
154,26,4
154,28,4
154,30,4
154,32,4
154,34,4
154,36,4
154,38,4
154,40,4
154,42,4
154,44,4
154,46,4
154,48,4
154,50,4
154,52,4
154,54,5
154,56,5
154,58,4
154,60,4
154,62,5
154,64,4
154,66,4
154,68,4
154,70,4
154,72,4
154,74,4
154,76,4
154,78,4
154,80,5
154,82,5
154,84,5
154,86,4
154,88,4
154,90,4
154,92,5
154,94,4
154,96,4
154,98,4
154,100,5
154,102,5
154,104,4
154,106,4
154,108,5
154,110,4
154,112,5
154,114,4
154,116,4
154,118,5
154,120,4
154,122,4
154,124,4
154,126,4
154,128,4
154,130,4
154,132,4
154,134,4
154,136,5
154,138,5
154,140,5
154,142,4
154,144,4
154,146,5
154,148,4
156,0,4
156,2,4
156,4,4
156,6,5
156,8,4
156,10,5
156,12,5
156,14,4
156,16,4
156,18,4
156,20,4
156,22,4
156,24,5
156,26,4
156,28,5
156,30,4
156,32,4
156,34,5
156,36,4
156,38,4
156,40,4
156,42,4
156,44,4
156,46,4
156,48,5
156,50,4
156,52,4
156,54,4
156,56,4
156,58,4
156,60,4
156,62,5
156,64,5
156,66,4
156,68,4
156,70,5
156,72,4
156,74,4
156,76,4
156,78,4
156,80,4
156,82,4
156,84,4
156,86,4
156,88,5
156,90,5
156,92,4
156,94,4
156,96,4
156,98,4
156,100,4
156,102,4
156,104,4
156,106,4
156,108,4
156,110,4
156,112,4
156,114,4
156,116,4
156,118,5
156,120,5
156,122,4
156,124,4
156,126,4
156,128,5
156,130,5
156,132,5
156,134,5
156,136,5
156,138,4
156,140,5
156,142,5
156,144,5
156,146,5
156,148,4
158,0,4
158,2,4
158,4,4
158,6,4
158,8,4
158,10,4
158,12,5
158,14,4
158,16,4
158,18,4
158,20,4
158,22,4
158,24,4
158,26,4
158,28,4
158,30,5
158,32,4
158,34,4
158,36,4
158,38,4
158,40,4
158,42,4
158,44,4
158,46,5
158,48,4
158,50,5
158,52,5
158,54,4
158,56,4
158,58,4
158,60,5
158,62,4
158,64,4
158,66,4
158,68,5
158,70,4
158,72,4
158,74,4
158,76,4
158,78,4
158,80,4
158,82,5
158,84,5
158,86,5
158,88,4
158,90,4
158,92,5
158,94,5
158,96,4
158,98,4
158,100,5
158,102,4
158,104,5
158,106,4
158,108,4
158,110,5
158,112,4
158,114,4
158,116,5
158,118,4
158,120,4
158,122,4
158,124,5
158,126,5
158,128,4
158,130,4
158,132,5
158,134,5
158,136,5
158,138,4
158,140,5
158,142,4
158,144,4
158,146,5
158,148,5
160,0,4
160,2,4
160,4,4
160,6,4
160,8,4
160,10,4
160,12,4
160,14,5
160,16,4
160,18,4
160,20,4
160,22,5
160,24,5
160,26,5
160,28,4
160,30,4
160,32,5
160,34,4
160,36,4
160,38,4
160,40,5
160,42,5
160,44,4
160,46,4
160,48,5
160,50,5
160,52,5
160,54,5
160,56,5
160,58,4
160,60,4
160,62,4
160,64,5
160,66,4
160,68,5
160,70,4
160,72,4
160,74,5
160,76,5
160,78,4
160,80,5
160,82,5
160,84,5
160,86,4
160,88,4
160,90,4
160,92,4
160,94,5
160,96,4
160,98,4
160,100,5
160,102,5
160,104,4
160,106,5
160,108,5
160,110,4
160,112,5
160,114,5
160,116,4
160,118,5
160,120,4
160,122,5
160,124,5
160,126,4
160,128,5
160,130,4
160,132,5
160,134,5
160,136,5
160,138,4
160,140,5
160,142,5
160,144,5
160,146,5
160,148,5
162,0,4
162,2,4
162,4,4
162,6,4
162,8,4
162,10,4
162,12,5
162,14,5
162,16,4
162,18,5
162,20,4
162,22,5
162,24,5
162,26,4
162,28,4
162,30,4
162,32,4
162,34,4
162,36,4
162,38,5
162,40,5
162,42,5
162,44,4
162,46,5
162,48,4
162,50,5
162,52,4
162,54,4
162,56,4
162,58,5
162,60,4
162,62,4
162,64,5
162,66,5
162,68,4
162,70,4
162,72,5
162,74,5
162,76,5
162,78,5
162,80,5
162,82,5
162,84,5
162,86,5
162,88,5
162,90,5
162,92,5
162,94,4
162,96,4
162,98,4
162,100,5
162,102,4
162,104,5
162,106,4
162,108,4
162,110,5
162,112,4
162,114,5
162,116,5
162,118,5
162,120,5
162,122,5
162,124,5
162,126,5
162,128,4
162,130,4
162,132,5
162,134,5
162,136,5
162,138,5
162,140,5
162,142,5
162,144,4
162,146,5
162,148,5
164,0,5
164,2,4
164,4,5
164,6,5
164,8,5
164,10,5
164,12,4
164,14,5
164,16,5
164,18,5
164,20,4
164,22,5
164,24,5
164,26,4
164,28,4
164,30,5
164,32,5
164,34,5
164,36,5
164,38,4
164,40,5
164,42,5
164,44,4
164,46,5
164,48,5
164,50,4
164,52,4
164,54,5
164,56,4
164,58,5
164,60,5
164,62,5
164,64,4
164,66,5
164,68,4
164,70,5
164,72,4
164,74,5
164,76,5
164,78,4
164,80,4
164,82,5
164,84,5
164,86,5
164,88,5
164,90,4
164,92,5
164,94,5
164,96,5
164,98,5
164,100,4
164,102,5
164,104,5
164,106,4
164,108,5
164,110,5
164,112,5
164,114,4
164,116,4
164,118,5
164,120,5
164,122,4
164,124,5
164,126,5
164,128,5
164,130,5
164,132,4
164,134,5
164,136,5
164,138,4
164,140,5
164,142,5
164,144,5
164,146,5
164,148,5
166,0,4
166,2,5
166,4,5
166,6,5
166,8,4
166,10,5
166,12,4
166,14,4
166,16,4
166,18,5
166,20,5
166,22,5
166,24,5
166,26,4
166,28,4
166,30,4
166,32,4
166,34,4
166,36,5
166,38,4
166,40,5
166,42,5
166,44,4
166,46,5
166,48,4
166,50,4
166,52,5
166,54,4
166,56,4
166,58,4
166,60,4
166,62,4
166,64,4
166,66,4
166,68,5
166,70,5
166,72,4
166,74,5
166,76,5
166,78,5
166,80,4
166,82,4
166,84,5
166,86,5
166,88,5
166,90,4
166,92,5
166,94,5
166,96,5
166,98,5
166,100,5
166,102,5
166,104,5
166,106,4
166,108,5
166,110,5
166,112,5
166,114,5
166,116,5
166,118,5
166,120,5
166,122,5
166,124,5
166,126,5
166,128,5
166,130,5
166,132,5
166,134,5
166,136,5
166,138,5
166,140,5
166,142,5
166,144,5
166,146,5
166,148,5
168,0,5
168,2,5
168,4,4
168,6,5
168,8,5
168,10,5
168,12,4
168,14,5
168,16,4
168,18,4
168,20,5
168,22,4
168,24,5
168,26,4
168,28,5
168,30,5
168,32,5
168,34,5
168,36,5
168,38,5
168,40,4
168,42,5
168,44,5
168,46,5
168,48,5
168,50,5
168,52,5
168,54,5
168,56,5
168,58,5
168,60,5
168,62,5
168,64,5
168,66,5
168,68,4
168,70,5
168,72,5
168,74,5
168,76,5
168,78,5
168,80,5
168,82,5
168,84,5
168,86,5
168,88,5
168,90,5
168,92,5
168,94,5
168,96,5
168,98,5
168,100,5
168,102,5
168,104,4
168,106,4
168,108,5
168,110,5
168,112,5
168,114,5
168,116,5
168,118,5
168,120,5
168,122,5
168,124,5
168,126,5
168,128,5
168,130,5
168,132,5
168,134,5
168,136,5
168,138,5
168,140,5
168,142,5
168,144,5
168,146,5
168,148,5
170,0,4
170,2,5
170,4,4
170,6,5
170,8,5
170,10,4
170,12,5
170,14,5
170,16,5
170,18,5
170,20,5
170,22,4
170,24,5
170,26,4
170,28,5
170,30,5
170,32,4
170,34,5
170,36,5
170,38,5
170,40,4
170,42,5
170,44,4
170,46,5
170,48,4
170,50,5
170,52,4
170,54,5
170,56,5
170,58,4
170,60,4
170,62,4
170,64,4
170,66,5
170,68,5
170,70,5
170,72,5
170,74,5
170,76,5
170,78,5
170,80,5
170,82,5
170,84,5
170,86,5
170,88,5
170,90,4
170,92,5
170,94,5
170,96,5
170,98,5
170,100,4
170,102,5
170,104,5
170,106,5
170,108,5
170,110,5
170,112,5
170,114,5
170,116,5
170,118,4
170,120,5
170,122,5
170,124,5
170,126,5
170,128,5
170,130,5
170,132,5
170,134,5
170,136,5
170,138,5
170,140,4
170,142,5
170,144,5
170,146,5
170,148,5
172,0,5
172,2,5
172,4,5
172,6,5
172,8,4
172,10,5
172,12,5
172,14,5
172,16,5
172,18,5
172,20,4
172,22,4
172,24,5
172,26,5
172,28,4
172,30,5
172,32,4
172,34,5
172,36,5
172,38,5
172,40,5
172,42,5
172,44,5
172,46,4
172,48,4
172,50,5
172,52,5
172,54,5
172,56,5
172,58,5
172,60,5
172,62,5
172,64,5
172,66,4
172,68,5
172,70,5
172,72,5
172,74,4
172,76,5
172,78,5
172,80,4
172,82,5
172,84,5
172,86,4
172,88,5
172,90,5
172,92,5
172,94,5
172,96,5
172,98,5
172,100,5
172,102,5
172,104,5
172,106,5
172,108,5
172,110,5
172,112,5
172,114,4
172,116,5
172,118,5
172,120,5
172,122,5
172,124,5
172,126,5
172,128,5
172,130,4
172,132,5
172,134,5
172,136,5
172,138,5
172,140,5
172,142,5
172,144,5
172,146,5
172,148,5
174,0,5
174,2,5
174,4,5
174,6,5
174,8,4
174,10,5
174,12,5
174,14,4
174,16,5
174,18,4
174,20,4
174,22,4
174,24,4
174,26,5
174,28,4
174,30,5
174,32,5
174,34,5
174,36,5
174,38,4
174,40,4
174,42,4
174,44,5
174,46,5
174,48,5
174,50,5
174,52,5
174,54,5
174,56,5
174,58,5
174,60,5
174,62,5
174,64,4
174,66,4
174,68,4
174,70,5
174,72,5
174,74,5
174,76,5
174,78,5
174,80,5
174,82,4
174,84,5
174,86,5
174,88,5
174,90,5
174,92,5
174,94,5
174,96,5
174,98,5
174,100,5
174,102,4
174,104,5
174,106,5
174,108,5
174,110,5
174,112,4
174,114,5
174,116,4
174,118,4
174,120,5
174,122,5
174,124,5
174,126,5
174,128,5
174,130,5
174,132,5
174,134,5
174,136,4
174,138,5
174,140,5
174,142,5
174,144,5
174,146,5
174,148,5
176,0,5
176,2,4
176,4,5
176,6,5
176,8,5
176,10,5
176,12,4
176,14,5
176,16,5
176,18,4
176,20,5
176,22,5
176,24,5
176,26,5
176,28,5
176,30,5
176,32,4
176,34,5
176,36,5
176,38,5
176,40,5
176,42,5
176,44,5
176,46,5
176,48,5
176,50,4
176,52,5
176,54,5
176,56,5
176,58,4
176,60,5
176,62,5
176,64,4
176,66,5
176,68,5
176,70,5
176,72,5
176,74,5
176,76,4
176,78,5
176,80,4
176,82,4
176,84,5
176,86,5
176,88,5
176,90,5
176,92,5
176,94,5
176,96,5
176,98,5
176,100,5
176,102,5
176,104,5
176,106,5
176,108,5
176,110,5
176,112,5
176,114,5
176,116,5
176,118,5
176,120,4
176,122,5
176,124,5
176,126,5
176,128,5
176,130,5
176,132,5
176,134,5
176,136,5
176,138,5
176,140,5
176,142,5
176,144,5
176,146,5
176,148,5
178,0,5
178,2,5
178,4,5
178,6,4
178,8,5
178,10,5
178,12,5
178,14,5
178,16,5
178,18,5
178,20,5
178,22,5
178,24,5
178,26,4
178,28,5
178,30,5
178,32,5
178,34,5
178,36,5
178,38,5
178,40,5
178,42,5
178,44,4
178,46,5
178,48,5
178,50,5
178,52,4
178,54,5
178,56,5
178,58,5
178,60,5
178,62,4
178,64,5
178,66,5
178,68,5
178,70,5
178,72,5
178,74,5
178,76,5
178,78,5
178,80,4
178,82,5
178,84,5
178,86,5
178,88,5
178,90,5
178,92,5
178,94,5
178,96,4
178,98,5
178,100,5
178,102,4
178,104,5
178,106,5
178,108,5
178,110,5
178,112,5
178,114,5
178,116,5
178,118,5
178,120,5
178,122,5
178,124,5
178,126,5
178,128,5
178,130,5
178,132,5
178,134,5
178,136,5
178,138,5
178,140,5
178,142,5
178,144,5
178,146,5
178,148,5
180,0,5
180,2,5
180,4,5
180,6,5
180,8,5
180,10,4
180,12,4
180,14,5
180,16,5
180,18,5
180,20,5
180,22,4
180,24,5
180,26,5
180,28,5
180,30,5
180,32,4
180,34,5
180,36,5
180,38,5
180,40,5
180,42,5
180,44,5
180,46,5
180,48,5
180,50,5
180,52,5
180,54,5
180,56,5
180,58,5
180,60,4
180,62,5
180,64,5
180,66,5
180,68,5
180,70,5
180,72,5
180,74,5
180,76,5
180,78,4
180,80,5
180,82,5
180,84,5
180,86,5
180,88,5
180,90,4
180,92,4
180,94,5
180,96,5
180,98,5
180,100,5
180,102,5
180,104,5
180,106,5
180,108,5
180,110,5
180,112,5
180,114,5
180,116,5
180,118,5
180,120,5
180,122,5
180,124,4
180,126,5
180,128,5
180,130,5
180,132,5
180,134,5
180,136,4
180,138,4
180,140,5
180,142,5
180,144,5
180,146,5
180,148,5
182,0,4
182,2,5
182,4,5
182,6,5
182,8,4
182,10,5
182,12,4
182,14,5
182,16,5
182,18,5
182,20,5
182,22,5
182,24,5
182,26,5
182,28,5
182,30,5
182,32,4
182,34,5
182,36,5
182,38,5
182,40,5
182,42,5
182,44,5
182,46,5
182,48,5
182,50,4
182,52,5
182,54,5
182,56,5
182,58,4
182,60,5
182,62,5
182,64,5
182,66,4
182,68,5
182,70,5
182,72,5
182,74,5
182,76,5
182,78,5
182,80,4
182,82,5
182,84,5
182,86,5
182,88,4
182,90,5
182,92,5
182,94,5
182,96,5
182,98,5
182,100,5
182,102,5
182,104,5
182,106,5
182,108,5
182,110,5
182,112,5
182,114,5
182,116,5
182,118,5
182,120,5
182,122,5
182,124,5
182,126,5
182,128,4
182,130,5
182,132,5
182,134,5
182,136,5
182,138,5
182,140,5
182,142,5
182,144,5
182,146,5
182,148,5
184,0,4
184,2,5
184,4,5
184,6,5
184,8,5
184,10,5
184,12,5
184,14,4
184,16,4
184,18,5
184,20,5
184,22,4
184,24,5
184,26,4
184,28,5
184,30,4
184,32,5
184,34,5
184,36,5
184,38,5
184,40,4
184,42,5
184,44,5
184,46,4
184,48,5
184,50,5
184,52,5
184,54,5
184,56,5
184,58,5
184,60,5
184,62,5
184,64,5
184,66,5
184,68,5
184,70,5
184,72,5
184,74,5
184,76,5
184,78,5
184,80,5
184,82,5
184,84,5
184,86,5
184,88,5
184,90,5
184,92,5
184,94,5
184,96,4
184,98,5
184,100,5
184,102,5
184,104,5
184,106,5
184,108,5
184,110,5
184,112,5
184,114,5
184,116,5
184,118,5
184,120,5
184,122,5
184,124,5
184,126,5
184,128,5
184,130,5
184,132,5
184,134,5
184,136,5
184,138,5
184,140,5
184,142,5
184,144,5
184,146,5
184,148,5
186,0,5
186,2,5
186,4,5
186,6,4
186,8,4
186,10,5
186,12,4
186,14,4
186,16,5
186,18,4
186,20,5
186,22,5
186,24,4
186,26,4
186,28,5
186,30,4
186,32,5
186,34,5
186,36,5
186,38,5
186,40,5
186,42,5
186,44,5
186,46,5
186,48,4
186,50,5
186,52,5
186,54,5
186,56,5
186,58,4
186,60,4
186,62,5
186,64,5
186,66,5
186,68,5
186,70,5
186,72,5
186,74,5
186,76,4
186,78,4
186,80,5
186,82,5
186,84,5
186,86,5
186,88,4
186,90,5
186,92,5
186,94,5
186,96,5
186,98,5
186,100,4
186,102,5
186,104,5
186,106,5
186,108,5
186,110,4
186,112,5
186,114,4
186,116,5
186,118,5
186,120,5
186,122,5
186,124,5
186,126,5
186,128,5
186,130,5
186,132,5
186,134,5
186,136,5
186,138,5
186,140,5
186,142,5
186,144,5
186,146,5
186,148,5
188,0,4
188,2,5
188,4,5
188,6,5
188,8,5
188,10,5
188,12,4
188,14,5
188,16,5
188,18,5
188,20,4
188,22,5
188,24,5
188,26,5
188,28,4
188,30,5
188,32,5
188,34,5
188,36,5
188,38,5
188,40,5
188,42,5
188,44,4
188,46,5
188,48,5
188,50,5
188,52,5
188,54,4
188,56,5
188,58,4
188,60,4
188,62,5
188,64,5
188,66,5
188,68,5
188,70,5
188,72,5
188,74,5
188,76,5
188,78,5
188,80,5
188,82,4
188,84,5
188,86,5
188,88,5
188,90,5
188,92,5
188,94,5
188,96,5
188,98,5
188,100,5
188,102,5
188,104,5
188,106,5
188,108,5
188,110,4
188,112,5
188,114,5
188,116,5
188,118,4
188,120,4
188,122,5
188,124,5
188,126,5
188,128,4
188,130,5
188,132,5
188,134,5
188,136,5
188,138,4
188,140,5
188,142,5
188,144,5
188,146,5
188,148,5
190,0,4
190,2,5
190,4,4
190,6,4
190,8,5
190,10,5
190,12,4
190,14,5
190,16,5
190,18,4
190,20,5
190,22,4
190,24,4
190,26,5
190,28,5
190,30,5
190,32,5
190,34,5
190,36,5
190,38,4
190,40,5
190,42,5
190,44,4
190,46,5
190,48,5
190,50,5
190,52,4
190,54,4
190,56,5
190,58,4
190,60,5
190,62,5
190,64,5
190,66,5
190,68,4
190,70,5
190,72,5
190,74,5
190,76,4
190,78,5
190,80,5
190,82,5
190,84,5
190,86,5
190,88,5
190,90,5
190,92,4
190,94,5
190,96,5
190,98,5
190,100,5
190,102,5
190,104,4
190,106,5
190,108,4
190,110,5
190,112,5
190,114,5
190,116,4
190,118,5
190,120,4
190,122,5
190,124,5
190,126,4
190,128,4
190,130,5
190,132,5
190,134,5
190,136,4
190,138,5
190,140,5
190,142,5
190,144,4
190,146,5
190,148,5
192,0,5
192,2,4
192,4,5
192,6,5
192,8,5
192,10,5
192,12,4
192,14,5
192,16,5
192,18,5
192,20,5
192,22,5
192,24,5
192,26,4
192,28,4
192,30,5
192,32,5
192,34,4
192,36,5
192,38,5
192,40,5
192,42,5
192,44,5
192,46,5
192,48,5
192,50,5
192,52,5
192,54,5
192,56,5
192,58,5
192,60,5
192,62,5
192,64,5
192,66,5
192,68,5
192,70,5
192,72,4
192,74,5
192,76,5
192,78,5
192,80,5
192,82,5
192,84,5
192,86,5
192,88,5
192,90,5
192,92,5
192,94,5
192,96,5
192,98,5
192,100,4
192,102,4
192,104,5
192,106,5
192,108,5
192,110,5
192,112,5
192,114,5
192,116,4
192,118,5
192,120,5
192,122,5
192,124,5
192,126,5
192,128,5
192,130,5
192,132,5
192,134,5
192,136,5
192,138,5
192,140,5
192,142,5
192,144,5
192,146,5
192,148,5
194,0,5
194,2,5
194,4,5
194,6,5
194,8,5
194,10,5
194,12,4
194,14,4
194,16,4
194,18,5
194,20,5
194,22,4
194,24,5
194,26,4
194,28,5
194,30,5
194,32,4
194,34,5
194,36,5
194,38,4
194,40,5
194,42,4
194,44,5
194,46,5
194,48,5
194,50,4
194,52,4
194,54,4
194,56,4
194,58,5
194,60,5
194,62,5
194,64,4
194,66,4
194,68,4
194,70,5
194,72,5
194,74,4
194,76,4
194,78,5
194,80,4
194,82,5
194,84,5
194,86,5
194,88,5
194,90,5
194,92,5
194,94,5
194,96,5
194,98,5
194,100,5
194,102,5
194,104,5
194,106,5
194,108,5
194,110,5
194,112,5
194,114,5
194,116,5
194,118,5
194,120,4
194,122,5
194,124,5
194,126,5
194,128,5
194,130,5
194,132,5
194,134,5
194,136,5
194,138,5
194,140,5
194,142,5
194,144,5
194,146,5
194,148,5
196,0,5
196,2,5
196,4,5
196,6,4
196,8,5
196,10,5
196,12,4
196,14,5
196,16,4
196,18,5
196,20,4
196,22,4
196,24,4
196,26,5
196,28,4
196,30,4
196,32,5
196,34,5
196,36,5
196,38,5
196,40,5
196,42,5
196,44,5
196,46,5
196,48,5
196,50,5
196,52,5
196,54,4
196,56,5
196,58,5
196,60,5
196,62,5
196,64,5
196,66,5
196,68,5
196,70,5
196,72,4
196,74,5
196,76,5
196,78,4
196,80,5
196,82,4
196,84,4
196,86,5
196,88,5
196,90,5
196,92,5
196,94,5
196,96,5
196,98,5
196,100,5
196,102,5
196,104,5
196,106,5
196,108,5
196,110,5
196,112,5
196,114,5
196,116,4
196,118,5
196,120,5
196,122,5
196,124,5
196,126,5
196,128,5
196,130,5
196,132,5
196,134,5
196,136,5
196,138,5
196,140,4
196,142,5
196,144,5
196,146,5
196,148,5
198,0,5
198,2,5
198,4,5
198,6,4
198,8,5
198,10,5
198,12,4
198,14,5
198,16,4
198,18,5
198,20,4
198,22,4
198,24,5
198,26,4
198,28,4
198,30,5
198,32,5
198,34,5
198,36,5
198,38,5
198,40,5
198,42,5
198,44,5
198,46,5
198,48,5
198,50,5
198,52,5
198,54,5
198,56,5
198,58,5
198,60,5
198,62,5
198,64,5
198,66,5
198,68,4
198,70,5
198,72,5
198,74,5
198,76,5
198,78,5
198,80,5
198,82,4
198,84,5
198,86,5
198,88,5
198,90,5
198,92,5
198,94,5
198,96,5
198,98,5
198,100,5
198,102,5
198,104,5
198,106,5
198,108,5
198,110,5
198,112,4
198,114,5
198,116,5
198,118,5
198,120,5
198,122,5
198,124,5
198,126,5
198,128,5
198,130,5
198,132,5
198,134,5
198,136,5
198,138,5
198,140,5
198,142,5
198,144,5
198,146,5
198,148,4
200,0,5
200,2,5
200,4,4
200,6,5
200,8,4
200,10,5
200,12,5
200,14,5
200,16,5
200,18,5
200,20,4
200,22,5
200,24,4
200,26,5
200,28,5
200,30,5
200,32,5
200,34,5
200,36,5
200,38,5
200,40,5
200,42,5
200,44,5
200,46,4
200,48,5
200,50,5
200,52,5
200,54,4
200,56,5
200,58,5
200,60,5
200,62,4
200,64,5
200,66,5
200,68,5
200,70,5
200,72,5
200,74,5
200,76,5
200,78,5
200,80,5
200,82,4
200,84,5
200,86,5
200,88,5
200,90,5
200,92,4
200,94,4
200,96,5
200,98,4
200,100,5
200,102,5
200,104,5
200,106,5
200,108,5
200,110,5
200,112,5
200,114,5
200,116,5
200,118,5
200,120,5
200,122,5
200,124,5
200,126,5
200,128,5
200,130,5
200,132,5
200,134,5
200,136,5
200,138,5
200,140,5
200,142,5
200,144,5
200,146,5
200,148,5
202,0,4
202,2,5
202,4,4
202,6,5
202,8,5
202,10,5
202,12,5
202,14,4
202,16,5
202,18,5
202,20,5
202,22,4
202,24,5
202,26,5
202,28,4
202,30,5
202,32,4
202,34,5
202,36,5
202,38,4
202,40,5
202,42,4
202,44,5
202,46,5
202,48,5
202,50,4
202,52,5
202,54,4
202,56,5
202,58,4
202,60,5
202,62,5
202,64,5
202,66,4
202,68,5
202,70,5
202,72,5
202,74,5
202,76,5
202,78,4
202,80,5
202,82,4
202,84,5
202,86,5
202,88,5
202,90,5
202,92,5
202,94,5
202,96,5
202,98,5
202,100,4
202,102,4
202,104,5
202,106,5
202,108,5
202,110,5
202,112,5
202,114,5
202,116,5
202,118,5
202,120,5
202,122,5
202,124,5
202,126,5
202,128,5
202,130,5
202,132,5
202,134,5
202,136,5
202,138,5
202,140,5
202,142,5
202,144,5
202,146,5
202,148,4
204,0,5
204,2,5
204,4,5
204,6,5
204,8,5
204,10,5
204,12,5
204,14,5
204,16,5
204,18,5
204,20,5
204,22,4
204,24,5
204,26,5
204,28,5
204,30,5
204,32,5
204,34,5
204,36,4
204,38,5
204,40,5
204,42,5
204,44,5
204,46,5
204,48,5
204,50,5
204,52,5
204,54,5
204,56,5
204,58,5
204,60,5
204,62,5
204,64,5
204,66,5
204,68,5
204,70,5
204,72,5
204,74,5
204,76,5
204,78,4
204,80,5
204,82,4
204,84,5
204,86,4
204,88,5
204,90,5
204,92,5
204,94,5
204,96,5
204,98,5
204,100,5
204,102,5
204,104,4
204,106,5
204,108,4
204,110,5
204,112,5
204,114,5
204,116,5
204,118,5
204,120,5
204,122,5
204,124,5
204,126,5
204,128,5
204,130,5
204,132,5
204,134,5
204,136,5
204,138,5
204,140,5
204,142,5
204,144,5
204,146,5
204,148,5
206,0,4
206,2,5
206,4,5
206,6,4
206,8,5
206,10,4
206,12,5
206,14,4
206,16,5
206,18,5
206,20,4
206,22,5
206,24,5
206,26,5
206,28,5
206,30,5
206,32,5
206,34,5
206,36,5
206,38,5
206,40,4
206,42,5
206,44,5
206,46,5
206,48,4
206,50,5
206,52,5
206,54,5
206,56,5
206,58,5
206,60,5
206,62,5
206,64,5
206,66,5
206,68,5
206,70,5
206,72,5
206,74,5
206,76,5
206,78,5
206,80,5
206,82,5
206,84,5
206,86,5
206,88,5
206,90,5
206,92,5
206,94,5
206,96,5
206,98,5
206,100,5
206,102,5
206,104,5
206,106,5
206,108,5
206,110,5
206,112,5
206,114,5
206,116,4
206,118,5
206,120,5
206,122,5
206,124,5
206,126,5
206,128,5
206,130,5
206,132,5
206,134,5
206,136,5
206,138,5
206,140,5
206,142,5
206,144,5
206,146,5
206,148,5
208,0,5
208,2,5
208,4,5
208,6,5
208,8,5
208,10,5
208,12,5
208,14,4
208,16,4
208,18,5
208,20,4
208,22,4
208,24,5
208,26,5
208,28,4
208,30,5
208,32,5
208,34,4
208,36,5
208,38,4
208,40,5
208,42,4
208,44,5
208,46,5
208,48,5
208,50,4
208,52,5
208,54,4
208,56,4
208,58,5
208,60,5
208,62,4
208,64,5
208,66,5
208,68,5
208,70,5
208,72,5
208,74,4
208,76,5
208,78,5
208,80,5
208,82,5
208,84,5
208,86,5
208,88,5
208,90,5
208,92,5
208,94,5
208,96,5
208,98,4
208,100,5
208,102,5
208,104,5
208,106,5
208,108,5
208,110,5
208,112,5
208,114,5
208,116,5
208,118,5
208,120,5
208,122,5
208,124,5
208,126,5
208,128,5
208,130,5
208,132,5
208,134,5
208,136,5
208,138,5
208,140,5
208,142,5
208,144,5
208,146,5
208,148,5
210,0,5
210,2,4
210,4,5
210,6,5
210,8,5
210,10,5
210,12,5
210,14,5
210,16,4
210,18,5
210,20,4
210,22,5
210,24,5
210,26,5
210,28,5
210,30,4
210,32,4
210,34,5
210,36,5
210,38,4
210,40,5
210,42,5
210,44,5
210,46,5
210,48,5
210,50,5
210,52,5
210,54,5
210,56,5
210,58,5
210,60,4
210,62,5
210,64,5
210,66,5
210,68,5
210,70,5
210,72,5
210,74,5
210,76,4
210,78,5
210,80,5
210,82,5
210,84,4
210,86,5
210,88,5
210,90,5
210,92,5
210,94,5
210,96,4
210,98,5
210,100,5
210,102,5
210,104,5
210,106,5
210,108,5
210,110,4
210,112,5
210,114,5
210,116,5
210,118,5
210,120,5
210,122,5
210,124,5
210,126,5
210,128,5
210,130,5
210,132,4
210,134,5
210,136,5
210,138,5
210,140,5
210,142,5
210,144,5
210,146,5
210,148,5
212,0,4
212,2,5
212,4,5
212,6,4
212,8,5
212,10,5
212,12,5
212,14,4
212,16,5
212,18,4
212,20,5
212,22,4
212,24,5
212,26,5
212,28,5
212,30,5
212,32,5
212,34,4
212,36,5
212,38,5
212,40,4
212,42,5
212,44,5
212,46,5
212,48,4
212,50,5
212,52,5
212,54,5
212,56,5
212,58,5
212,60,5
212,62,5
212,64,4
212,66,5
212,68,5
212,70,5
212,72,5
212,74,5
212,76,5
212,78,5
212,80,5
212,82,4
212,84,5
212,86,5
212,88,5
212,90,5
212,92,5
212,94,5
212,96,5
212,98,5
212,100,5
212,102,5
212,104,5
212,106,5
212,108,5
212,110,5
212,112,5
212,114,5
212,116,5
212,118,5
212,120,5
212,122,5
212,124,5
212,126,5
212,128,5
212,130,5
212,132,5
212,134,5
212,136,5
212,138,5
212,140,5
212,142,5
212,144,5
212,146,5
212,148,5
214,0,4
214,2,5
214,4,4
214,6,5
214,8,5
214,10,5
214,12,5
214,14,5
214,16,5
214,18,5
214,20,5
214,22,5
214,24,5
214,26,5
214,28,5
214,30,5
214,32,5
214,34,5
214,36,5
214,38,5
214,40,5
214,42,5
214,44,5
214,46,5
214,48,5
214,50,5
214,52,5
214,54,5
214,56,5
214,58,5
214,60,5
214,62,4
214,64,5
214,66,5
214,68,5
214,70,5
214,72,5
214,74,4
214,76,5
214,78,5
214,80,5
214,82,5
214,84,5
214,86,5
214,88,5
214,90,5
214,92,5
214,94,5
214,96,5
214,98,5
214,100,5
214,102,5
214,104,5
214,106,5
214,108,4
214,110,5
214,112,5
214,114,5
214,116,5
214,118,5
214,120,5
214,122,5
214,124,5
214,126,4
214,128,5
214,130,5
214,132,5
214,134,5
214,136,5
214,138,5
214,140,5
214,142,5
214,144,5
214,146,5
214,148,5
216,0,5
216,2,4
216,4,5
216,6,5
216,8,5
216,10,5
216,12,5
216,14,5
216,16,5
216,18,5
216,20,5
216,22,4
216,24,5
216,26,5
216,28,5
216,30,4
216,32,5
216,34,5
216,36,5
216,38,5
216,40,5
216,42,5
216,44,5
216,46,5
216,48,5
216,50,5
216,52,5
216,54,5
216,56,5
216,58,4
216,60,5
216,62,5
216,64,5
216,66,5
216,68,5
216,70,5
216,72,5
216,74,5
216,76,5
216,78,5
216,80,5
216,82,5
216,84,5
216,86,5
216,88,5
216,90,5
216,92,5
216,94,5
216,96,5
216,98,5
216,100,5
216,102,5
216,104,5
216,106,5
216,108,5
216,110,5
216,112,5
216,114,5
216,116,5
216,118,5
216,120,5
216,122,5
216,124,5
216,126,5
216,128,5
216,130,5
216,132,5
216,134,5
216,136,5
216,138,5
216,140,4
216,142,5
216,144,5
216,146,5
216,148,5
218,0,5
218,2,5
218,4,4
218,6,5
218,8,5
218,10,5
218,12,5
218,14,4
218,16,5
218,18,4
218,20,4
218,22,5
218,24,5
218,26,5
218,28,5
218,30,5
218,32,5
218,34,5
218,36,5
218,38,5
218,40,5
218,42,5
218,44,5
218,46,5
218,48,5
218,50,5
218,52,4
218,54,5
218,56,5
218,58,5
218,60,5
218,62,5
218,64,5
218,66,5
218,68,5
218,70,5
218,72,5
218,74,5
218,76,5
218,78,5
218,80,5
218,82,5
218,84,5
218,86,5
218,88,5
218,90,5
218,92,5
218,94,5
218,96,5
218,98,5
218,100,5
218,102,5
218,104,5
218,106,5
218,108,5
218,110,5
218,112,5
218,114,5
218,116,5
218,118,5
218,120,5
218,122,5
218,124,5
218,126,5
218,128,5
218,130,5
218,132,5
218,134,5
218,136,5
218,138,5
218,140,5
218,142,5
218,144,5
218,146,5
218,148,5
220,0,5
220,2,5
220,4,4
220,6,5
220,8,5
220,10,5
220,12,5
220,14,5
220,16,5
220,18,5
220,20,5
220,22,5
220,24,5
220,26,5
220,28,5
220,30,5
220,32,5
220,34,5
220,36,4
220,38,5
220,40,5
220,42,5
220,44,5
220,46,5
220,48,5
220,50,5
220,52,5
220,54,5
220,56,4
220,58,5
220,60,5
220,62,5
220,64,5
220,66,5
220,68,5
220,70,5
220,72,5
220,74,5
220,76,5
220,78,5
220,80,5
220,82,5
220,84,5
220,86,5
220,88,5
220,90,5
220,92,5
220,94,5
220,96,5
220,98,5
220,100,5
220,102,4
220,104,5
220,106,5
220,108,5
220,110,5
220,112,5
220,114,5
220,116,5
220,118,5
220,120,5
220,122,5
220,124,5
220,126,5
220,128,5
220,130,5
220,132,5
220,134,5
220,136,5
220,138,5
220,140,5
220,142,5
220,144,5
220,146,5
220,148,5
222,0,4
222,2,5
222,4,5
222,6,5
222,8,4
222,10,5
222,12,5
222,14,5
222,16,5
222,18,5
222,20,5
222,22,5
222,24,5
222,26,5
222,28,5
222,30,4
222,32,5
222,34,5
222,36,5
222,38,5
222,40,5
222,42,5
222,44,5
222,46,4
222,48,5
222,50,5
222,52,5
222,54,5
222,56,5
222,58,5
222,60,5
222,62,5
222,64,5
222,66,5
222,68,5
222,70,5
222,72,5
222,74,5
222,76,5
222,78,5
222,80,5
222,82,5
222,84,5
222,86,5
222,88,5
222,90,5
222,92,4
222,94,5
222,96,5
222,98,5
222,100,5
222,102,5
222,104,5
222,106,5
222,108,5
222,110,5
222,112,5
222,114,5
222,116,5
222,118,5
222,120,5
222,122,5
222,124,5
222,126,5
222,128,5
222,130,5
222,132,5
222,134,5
222,136,5
222,138,5
222,140,5
222,142,5
222,144,5
222,146,5
222,148,5
224,0,4
224,2,5
224,4,5
224,6,5
224,8,5
224,10,4
224,12,5
224,14,5
224,16,5
224,18,5
224,20,5
224,22,5
224,24,5
224,26,5
224,28,5
224,30,5
224,32,5
224,34,4
224,36,4
224,38,4
224,40,5
224,42,5
224,44,5
224,46,5
224,48,5
224,50,5
224,52,5
224,54,5
224,56,5
224,58,5
224,60,5
224,62,5
224,64,5
224,66,5
224,68,5
224,70,5
224,72,5
224,74,5
224,76,5
224,78,5
224,80,5
224,82,5
224,84,5
224,86,5
224,88,5
224,90,5
224,92,5
224,94,4
224,96,5
224,98,5
224,100,5
224,102,5
224,104,5
224,106,5
224,108,5
224,110,5
224,112,5
224,114,5
224,116,5
224,118,5
224,120,5
224,122,5
224,124,4
224,126,5
224,128,5
224,130,5
224,132,5
224,134,5
224,136,5
224,138,5
224,140,5
224,142,5
224,144,5
224,146,5
224,148,5
226,0,5
226,2,4
226,4,4
226,6,5
226,8,5
226,10,5
226,12,5
226,14,5
226,16,5
226,18,5
226,20,5
226,22,5
226,24,5
226,26,5
226,28,4
226,30,5
226,32,5
226,34,5
226,36,5
226,38,5
226,40,5
226,42,5
226,44,5
226,46,4
226,48,5
226,50,5
226,52,5
226,54,5
226,56,5
226,58,5
226,60,5
226,62,5
226,64,5
226,66,5
226,68,5
226,70,5
226,72,5
226,74,5
226,76,5
226,78,5
226,80,5
226,82,5
226,84,5
226,86,5
226,88,5
226,90,5
226,92,5
226,94,5
226,96,5
226,98,5
226,100,5
226,102,5
226,104,4
226,106,5
226,108,5
226,110,5
226,112,5
226,114,5
226,116,5
226,118,5
226,120,5
226,122,4
226,124,5
226,126,5
226,128,5
226,130,5
226,132,5
226,134,5
226,136,5
226,138,5
226,140,5
226,142,5
226,144,5
226,146,5
226,148,5
228,0,5
228,2,5
228,4,5
228,6,5
228,8,5
228,10,5
228,12,5
228,14,5
228,16,5
228,18,4
228,20,4
228,22,5
228,24,5
228,26,5
228,28,5
228,30,4
228,32,5
228,34,5
228,36,5
228,38,5
228,40,5
228,42,5
228,44,5
228,46,4
228,48,5
228,50,5
228,52,5
228,54,5
228,56,5
228,58,5
228,60,5
228,62,5
228,64,5
228,66,5
228,68,4
228,70,5
228,72,5
228,74,5
228,76,5
228,78,5
228,80,5
228,82,5
228,84,5
228,86,5
228,88,5
228,90,5
228,92,5
228,94,5
228,96,5
228,98,5
228,100,5
228,102,5
228,104,5
228,106,5
228,108,5
228,110,5
228,112,5
228,114,5
228,116,5
228,118,5
228,120,5
228,122,5
228,124,5
228,126,5
228,128,5
228,130,5
228,132,5
228,134,5
228,136,5
228,138,5
228,140,5
228,142,5
228,144,5
228,146,5
228,148,5
230,0,5
230,2,4
230,4,5
230,6,4
230,8,4
230,10,5
230,12,4
230,14,5
230,16,4
230,18,5
230,20,5
230,22,4
230,24,4
230,26,4
230,28,5
230,30,5
230,32,5
230,34,5
230,36,5
230,38,5
230,40,5
230,42,5
230,44,5
230,46,5
230,48,5
230,50,5
230,52,5
230,54,5
230,56,5
230,58,5
230,60,5
230,62,5
230,64,5
230,66,5
230,68,5
230,70,4
230,72,5
230,74,5
230,76,5
230,78,5
230,80,4
230,82,5
230,84,5
230,86,5
230,88,5
230,90,5
230,92,4
230,94,5
230,96,5
230,98,5
230,100,5
230,102,5
230,104,5
230,106,5
230,108,5
230,110,5
230,112,5
230,114,5
230,116,5
230,118,4
230,120,5
230,122,5
230,124,5
230,126,5
230,128,4
230,130,5
230,132,5
230,134,5
230,136,5
230,138,5
230,140,5
230,142,5
230,144,5
230,146,5
230,148,5
232,0,5
232,2,5
232,4,5
232,6,5
232,8,5
232,10,4
232,12,4
232,14,5
232,16,5
232,18,4
232,20,4
232,22,5
232,24,5
232,26,5
232,28,5
232,30,5
232,32,4
232,34,5
232,36,5
232,38,4
232,40,5
232,42,4
232,44,5
232,46,5
232,48,5
232,50,5
232,52,5
232,54,5
232,56,5
232,58,5
232,60,5
232,62,4
232,64,5
232,66,5
232,68,5
232,70,5
232,72,5
232,74,5
232,76,5
232,78,5
232,80,4
232,82,5
232,84,5
232,86,5
232,88,5
232,90,5
232,92,5
232,94,5
232,96,5
232,98,5
232,100,5
232,102,5
232,104,5
232,106,5
232,108,4
232,110,5
232,112,5
232,114,5
232,116,5
232,118,5
232,120,5
232,122,5
232,124,5
232,126,5
232,128,5
232,130,5
232,132,5
232,134,5
232,136,5
232,138,5
232,140,5
232,142,5
232,144,5
232,146,5
232,148,5
234,0,4
234,2,5
234,4,5
234,6,5
234,8,5
234,10,5
234,12,5
234,14,5
234,16,5
234,18,5
234,20,4
234,22,4
234,24,5
234,26,5
234,28,5
234,30,5
234,32,5
234,34,5
234,36,5
234,38,4
234,40,5
234,42,5
234,44,5
234,46,5
234,48,5
234,50,5
234,52,5
234,54,5
234,56,5
234,58,4
234,60,5
234,62,5
234,64,5
234,66,4
234,68,5
234,70,5
234,72,5
234,74,5
234,76,5
234,78,5
234,80,4
234,82,5
234,84,4
234,86,5
234,88,5
234,90,5
234,92,5
234,94,5
234,96,5
234,98,5
234,100,5
234,102,5
234,104,5
234,106,5
234,108,5
234,110,5
234,112,5
234,114,5
234,116,5
234,118,5
234,120,5
234,122,5
234,124,5
234,126,5
234,128,5
234,130,5
234,132,5
234,134,5
234,136,5
234,138,5
234,140,5
234,142,5
234,144,5
234,146,5
234,148,5
236,0,5
236,2,5
236,4,5
236,6,4
236,8,5
236,10,5
236,12,5
236,14,5
236,16,4
236,18,5
236,20,5
236,22,4
236,24,5
236,26,5
236,28,5
236,30,4
236,32,4
236,34,5
236,36,5
236,38,5
236,40,5
236,42,5
236,44,5
236,46,5
236,48,5
236,50,5
236,52,5
236,54,5
236,56,5
236,58,5
236,60,5
236,62,5
236,64,5
236,66,5
236,68,5
236,70,5
236,72,5
236,74,5
236,76,5
236,78,5
236,80,5
236,82,5
236,84,5
236,86,5
236,88,5
236,90,5
236,92,5
236,94,5
236,96,5
236,98,5
236,100,5
236,102,5
236,104,5
236,106,5
236,108,5
236,110,5
236,112,5
236,114,5
236,116,5
236,118,5
236,120,5
236,122,5
236,124,4
236,126,5
236,128,5
236,130,5
236,132,5
236,134,5
236,136,5
236,138,5
236,140,5
236,142,5
236,144,5
236,146,5
236,148,5
238,0,5
238,2,5
238,4,4
238,6,5
238,8,5
238,10,5
238,12,5
238,14,5
238,16,5
238,18,5
238,20,5
238,22,5
238,24,5
238,26,5
238,28,5
238,30,5
238,32,5
238,34,5
238,36,4
238,38,5
238,40,5
238,42,5
238,44,5
238,46,4
238,48,5
238,50,5
238,52,5
238,54,4
238,56,5
238,58,5
238,60,5
238,62,5
238,64,5
238,66,5
238,68,5
238,70,5
238,72,5
238,74,5
238,76,5
238,78,5
238,80,5
238,82,5
238,84,5
238,86,5
238,88,5
238,90,5
238,92,5
238,94,5
238,96,5
238,98,5
238,100,5
238,102,5
238,104,5
238,106,5
238,108,5
238,110,5
238,112,4
238,114,5
238,116,5
238,118,5
238,120,5
238,122,5
238,124,5
238,126,5
238,128,5
238,130,5
238,132,5
238,134,5
238,136,5
238,138,5
238,140,5
238,142,5
238,144,5
238,146,5
238,148,5
240,0,5
240,2,5
240,4,5
240,6,5
240,8,5
240,10,5
240,12,5
240,14,5
240,16,5
240,18,5
240,20,5
240,22,5
240,24,4
240,26,5
240,28,5
240,30,5
240,32,5
240,34,5
240,36,4
240,38,5
240,40,5
240,42,5
240,44,5
240,46,5
240,48,5
240,50,5
240,52,5
240,54,5
240,56,5
240,58,5
240,60,5
240,62,5
240,64,5
240,66,5
240,68,5
240,70,5
240,72,5
240,74,5
240,76,5
240,78,5
240,80,5
240,82,5
240,84,5
240,86,5
240,88,5
240,90,5
240,92,5
240,94,5
240,96,5
240,98,4
240,100,5
240,102,5
240,104,5
240,106,5
240,108,5
240,110,5
240,112,5
240,114,5
240,116,5
240,118,5
240,120,5
240,122,5
240,124,5
240,126,5
240,128,5
240,130,5
240,132,5
240,134,5
240,136,5
240,138,5
240,140,5
240,142,5
240,144,5
240,146,5
240,148,5
242,0,4
242,2,4
242,4,5
242,6,5
242,8,5
242,10,4
242,12,5
242,14,5
242,16,5
242,18,5
242,20,5
242,22,5
242,24,5
242,26,5
242,28,5
242,30,4
242,32,5
242,34,5
242,36,5
242,38,5
242,40,5
242,42,5
242,44,5
242,46,5
242,48,4
242,50,5
242,52,5
242,54,5
242,56,5
242,58,5
242,60,5
242,62,5
242,64,5
242,66,4
242,68,5
242,70,5
242,72,5
242,74,5
242,76,5
242,78,4
242,80,5
242,82,5
242,84,5
242,86,5
242,88,5
242,90,5
242,92,5
242,94,5
242,96,4
242,98,5
242,100,5
242,102,5
242,104,5
242,106,5
242,108,5
242,110,5
242,112,5
242,114,5
242,116,5
242,118,5
242,120,5
242,122,5
242,124,5
242,126,5
242,128,5
242,130,5
242,132,5
242,134,5
242,136,5
242,138,5
242,140,5
242,142,5
242,144,5
242,146,5
242,148,5
244,0,5
244,2,5
244,4,4
244,6,5
244,8,5
244,10,5
244,12,5
244,14,5
244,16,4
244,18,5
244,20,5
244,22,4
244,24,5
244,26,5
244,28,5
244,30,4
244,32,5
244,34,5
244,36,4
244,38,4
244,40,4
244,42,5
244,44,5
244,46,5
244,48,5
244,50,5
244,52,5
244,54,5
244,56,5
244,58,5
244,60,5
244,62,5
244,64,5
244,66,5
244,68,4
244,70,4
244,72,5
244,74,5
244,76,5
244,78,5
244,80,5
244,82,5
244,84,5
244,86,5
244,88,5
244,90,5
244,92,4
244,94,5
244,96,4
244,98,5
244,100,5
244,102,5
244,104,5
244,106,5
244,108,5
244,110,5
244,112,5
244,114,5
244,116,5
244,118,5
244,120,4
244,122,5
244,124,5
244,126,5
244,128,5
244,130,5
244,132,5
244,134,5
244,136,5
244,138,5
244,140,5
244,142,5
244,144,5
244,146,5
244,148,5
246,0,4
246,2,5
246,4,5
246,6,4
246,8,5
246,10,5
246,12,5
246,14,5
246,16,5
246,18,5
246,20,5
246,22,4
246,24,5
246,26,5
246,28,5
246,30,5
246,32,4
246,34,5
246,36,4
246,38,5
246,40,5
246,42,4
246,44,5
246,46,5
246,48,5
246,50,5
246,52,4
246,54,5
246,56,5
246,58,5
246,60,5
246,62,5
246,64,5
246,66,5
246,68,5
246,70,5
246,72,4
246,74,5
246,76,5
246,78,5
246,80,5
246,82,5
246,84,5
246,86,5
246,88,5
246,90,5
246,92,4
246,94,5
246,96,4
246,98,5
246,100,5
246,102,5
246,104,5
246,106,5
246,108,5
246,110,5
246,112,5
246,114,5
246,116,5
246,118,4
246,120,5
246,122,5
246,124,5
246,126,5
246,128,5
246,130,5
246,132,5
246,134,5
246,136,5
246,138,5
246,140,5
246,142,5
246,144,5
246,146,5
246,148,5
248,0,5
248,2,4
248,4,4
248,6,4
248,8,4
248,10,4
248,12,5
248,14,5
248,16,5
248,18,5
248,20,4
248,22,5
248,24,5
248,26,5
248,28,5
248,30,4
248,32,5
248,34,5
248,36,5
248,38,5
248,40,5
248,42,5
248,44,4
248,46,5
248,48,4
248,50,5
248,52,5
248,54,5
248,56,5
248,58,5
248,60,5
248,62,5
248,64,5
248,66,5
248,68,5
248,70,5
248,72,5
248,74,5
248,76,5
248,78,5
248,80,5
248,82,4
248,84,5
248,86,5
248,88,5
248,90,5
248,92,5
248,94,5
248,96,5
248,98,5
248,100,5
248,102,5
248,104,5
248,106,5
248,108,5
248,110,5
248,112,5
248,114,5
248,116,5
248,118,5
248,120,5
248,122,4
248,124,4
248,126,5
248,128,5
248,130,5
248,132,5
248,134,5
248,136,5
248,138,5
248,140,5
248,142,5
248,144,5
248,146,5
248,148,5
250,0,4
250,2,5
250,4,5
250,6,4
250,8,5
250,10,4
250,12,5
250,14,5
250,16,5
250,18,5
250,20,5
250,22,5
250,24,5
250,26,5
250,28,5
250,30,5
250,32,5
250,34,5
250,36,5
250,38,5
250,40,5
250,42,5
250,44,5
250,46,5
250,48,4
250,50,4
250,52,5
250,54,5
250,56,5
250,58,5
250,60,5
250,62,5
250,64,4
250,66,5
250,68,4
250,70,5
250,72,5
250,74,5
250,76,5
250,78,5
250,80,5
250,82,5
250,84,5
250,86,5
250,88,5
250,90,5
250,92,5
250,94,5
250,96,5
250,98,5
250,100,5
250,102,5
250,104,5
250,106,5
250,108,5
250,110,5
250,112,5
250,114,5
250,116,5
250,118,5
250,120,5
250,122,5
250,124,5
250,126,5
250,128,4
250,130,5
250,132,5
250,134,5
250,136,5
250,138,5
250,140,5
250,142,5
250,144,5
250,146,5
250,148,5
252,0,5
252,2,5
252,4,5
252,6,4
252,8,5
252,10,5
252,12,5
252,14,5
252,16,5
252,18,5
252,20,4
252,22,5
252,24,5
252,26,5
252,28,5
252,30,4
252,32,5
252,34,5
252,36,5
252,38,5
252,40,5
252,42,5
252,44,5
252,46,5
252,48,5
252,50,5
252,52,5
252,54,5
252,56,5
252,58,5
252,60,5
252,62,5
252,64,5
252,66,5
252,68,5
252,70,5
252,72,5
252,74,5
252,76,5
252,78,5
252,80,5
252,82,5
252,84,5
252,86,5
252,88,5
252,90,5
252,92,5
252,94,5
252,96,5
252,98,5
252,100,5
252,102,5
252,104,5
252,106,5
252,108,5
252,110,5
252,112,5
252,114,5
252,116,5
252,118,5
252,120,5
252,122,5
252,124,5
252,126,5
252,128,5
252,130,5
252,132,5
252,134,5
252,136,5
252,138,5
252,140,5
252,142,5
252,144,5
252,146,5
252,148,5
254,0,5
254,2,5
254,4,5
254,6,5
254,8,5
254,10,5
254,12,5
254,14,5
254,16,5
254,18,5
254,20,5
254,22,5
254,24,5
254,26,5
254,28,5
254,30,5
254,32,5
254,34,4
254,36,5
254,38,5
254,40,5
254,42,4
254,44,5
254,46,5
254,48,5
254,50,5
254,52,5
254,54,5
254,56,5
254,58,5
254,60,5
254,62,5
254,64,5
254,66,5
254,68,5
254,70,5
254,72,5
254,74,5
254,76,4
254,78,5
254,80,5
254,82,4
254,84,5
254,86,5
254,88,5
254,90,5
254,92,5
254,94,5
254,96,5
254,98,5
254,100,5
254,102,5
254,104,5
254,106,5
254,108,5
254,110,5
254,112,5
254,114,4
254,116,5
254,118,5
254,120,5
254,122,5
254,124,5
254,126,5
254,128,5
254,130,5
254,132,5
254,134,5
254,136,5
254,138,5
254,140,5
254,142,5
254,144,5
254,146,5
254,148,5
256,0,4
256,2,5
256,4,5
256,6,4
256,8,4
256,10,5
256,12,5
256,14,5
256,16,5
256,18,5
256,20,5
256,22,5
256,24,5
256,26,5
256,28,4
256,30,5
256,32,4
256,34,5
256,36,5
256,38,5
256,40,5
256,42,5
256,44,5
256,46,5
256,48,5
256,50,5
256,52,5
256,54,5
256,56,5
256,58,5
256,60,5
256,62,5
256,64,5
256,66,5
256,68,5
256,70,5
256,72,5
256,74,5
256,76,5
256,78,5
256,80,5
256,82,5
256,84,5
256,86,5
256,88,5
256,90,5
256,92,4
256,94,5
256,96,5
256,98,5
256,100,5
256,102,5
256,104,5
256,106,5
256,108,5
256,110,5
256,112,5
256,114,5
256,116,5
256,118,5
256,120,5
256,122,5
256,124,5
256,126,5
256,128,5
256,130,5
256,132,5
256,134,5
256,136,5
256,138,5
256,140,5
256,142,5
256,144,5
256,146,5
256,148,5
258,0,5
258,2,5
258,4,4
258,6,5
258,8,5
258,10,5
258,12,5
258,14,5
258,16,5
258,18,5
258,20,4
258,22,5
258,24,5
258,26,5
258,28,5
258,30,5
258,32,5
258,34,5
258,36,5
258,38,5
258,40,5
258,42,5
258,44,5
258,46,5
258,48,5
258,50,5
258,52,5
258,54,5
258,56,4
258,58,5
258,60,5
258,62,5
258,64,5
258,66,5
258,68,5
258,70,5
258,72,5
258,74,5
258,76,5
258,78,5
258,80,5
258,82,5
258,84,5
258,86,5
258,88,5
258,90,5
258,92,5
258,94,4
258,96,5
258,98,5
258,100,5
258,102,5
258,104,5
258,106,5
258,108,5
258,110,4
258,112,5
258,114,5
258,116,5
258,118,5
258,120,5
258,122,5
258,124,5
258,126,5
258,128,5
258,130,5
258,132,5
258,134,5
258,136,5
258,138,5
258,140,5
258,142,5
258,144,5
258,146,5
258,148,5
260,0,5
260,2,5
260,4,5
260,6,4
260,8,5
260,10,5
260,12,5
260,14,5
260,16,5
260,18,5
260,20,5
260,22,5
260,24,5
260,26,5
260,28,5
260,30,5
260,32,5
260,34,5
260,36,5
260,38,4
260,40,5
260,42,5
260,44,5
260,46,5
260,48,5
260,50,5
260,52,5
260,54,5
260,56,5
260,58,5
260,60,5
260,62,5
260,64,5
260,66,5
260,68,5
260,70,5
260,72,5
260,74,5
260,76,5
260,78,5
260,80,5
260,82,5
260,84,5
260,86,5
260,88,5
260,90,5
260,92,5
260,94,5
260,96,5
260,98,5
260,100,5
260,102,5
260,104,5
260,106,5
260,108,5
260,110,5
260,112,5
260,114,5
260,116,5
260,118,5
260,120,5
260,122,5
260,124,5
260,126,5
260,128,5
260,130,5
260,132,5
260,134,5
260,136,5
260,138,5
260,140,5
260,142,5
260,144,5
260,146,5
260,148,5
262,0,5
262,2,5
262,4,5
262,6,5
262,8,5
262,10,5
262,12,5
262,14,4
262,16,5
262,18,5
262,20,5
262,22,5
262,24,5
262,26,5
262,28,5
262,30,5
262,32,5
262,34,5
262,36,5
262,38,5
262,40,5
262,42,5
262,44,5
262,46,5
262,48,5
262,50,5
262,52,5
262,54,5
262,56,5
262,58,5
262,60,5
262,62,5
262,64,5
262,66,5
262,68,5
262,70,5
262,72,5
262,74,5
262,76,4
262,78,4
262,80,5
262,82,5
262,84,5
262,86,5
262,88,5
262,90,5
262,92,5
262,94,5
262,96,5
262,98,5
262,100,5
262,102,4
262,104,5
262,106,5
262,108,5
262,110,5
262,112,5
262,114,5
262,116,4
262,118,5
262,120,5
262,122,5
262,124,5
262,126,5
262,128,5
262,130,5
262,132,5
262,134,5
262,136,5
262,138,5
262,140,5
262,142,5
262,144,5
262,146,5
262,148,5
264,0,5
264,2,5
264,4,5
264,6,5
264,8,5
264,10,5
264,12,4
264,14,5
264,16,4
264,18,5
264,20,5
264,22,5
264,24,5
264,26,5
264,28,5
264,30,5
264,32,5
264,34,5
264,36,5
264,38,5
264,40,4
264,42,5
264,44,5
264,46,5
264,48,5
264,50,5
264,52,5
264,54,5
264,56,5
264,58,5
264,60,5
264,62,5
264,64,5
264,66,5
264,68,5
264,70,5
264,72,5
264,74,5
264,76,5
264,78,5
264,80,5
264,82,5
264,84,5
264,86,5
264,88,5
264,90,5
264,92,5
264,94,5
264,96,5
264,98,5
264,100,5
264,102,5
264,104,5
264,106,5
264,108,5
264,110,5
264,112,5
264,114,4
264,116,5
264,118,5
264,120,5
264,122,5
264,124,4
264,126,5
264,128,5
264,130,5
264,132,5
264,134,5
264,136,5
264,138,5
264,140,5
264,142,5
264,144,5
264,146,5
264,148,5
266,0,5
266,2,5
266,4,4
266,6,5
266,8,5
266,10,5
266,12,5
266,14,5
266,16,5
266,18,5
266,20,5
266,22,5
266,24,5
266,26,5
266,28,5
266,30,4
266,32,5
266,34,5
266,36,4
266,38,5
266,40,5
266,42,5
266,44,5
266,46,5
266,48,5
266,50,5
266,52,5
266,54,5
266,56,5
266,58,5
266,60,5
266,62,5
266,64,5
266,66,5
266,68,5
266,70,5
266,72,5
266,74,5
266,76,4
266,78,5
266,80,5
266,82,5
266,84,5
266,86,5
266,88,4
266,90,5
266,92,5
266,94,5
266,96,5
266,98,5
266,100,5
266,102,5
266,104,5
266,106,5
266,108,5
266,110,5
266,112,5
266,114,5
266,116,5
266,118,5
266,120,5
266,122,5
266,124,5
266,126,5
266,128,5
266,130,5
266,132,5
266,134,5
266,136,5
266,138,5
266,140,5
266,142,5
266,144,5
266,146,5
266,148,5
268,0,5
268,2,5
268,4,4
268,6,5
268,8,5
268,10,5
268,12,5
268,14,4
268,16,5
268,18,4
268,20,5
268,22,5
268,24,5
268,26,5
268,28,5
268,30,5
268,32,5
268,34,5
268,36,5
268,38,5
268,40,5
268,42,5
268,44,5
268,46,5
268,48,5
268,50,5
268,52,5
268,54,4
268,56,5
268,58,5
268,60,4
268,62,5
268,64,5
268,66,5
268,68,5
268,70,4
268,72,4
268,74,5
268,76,5
268,78,5
268,80,5
268,82,5
268,84,5
268,86,5
268,88,4
268,90,5
268,92,5
268,94,5
268,96,5
268,98,5
268,100,5
268,102,5
268,104,5
268,106,5
268,108,5
268,110,5
268,112,5
268,114,5
268,116,5
268,118,5
268,120,5
268,122,5
268,124,5
268,126,5
268,128,5
268,130,5
268,132,5
268,134,5
268,136,5
268,138,5
268,140,5
268,142,5
268,144,5
268,146,5
268,148,5